/*
SQLyog Community v12.09 (64 bit)
MySQL - 10.1.16-MariaDB : Database - buypmwmk_premiumkey
*********************************************************************
*/

/*!40101 SET NAMES utf8 */;

/*!40101 SET SQL_MODE=''*/;

/*!40014 SET @OLD_UNIQUE_CHECKS=@@UNIQUE_CHECKS, UNIQUE_CHECKS=0 */;
/*!40014 SET @OLD_FOREIGN_KEY_CHECKS=@@FOREIGN_KEY_CHECKS, FOREIGN_KEY_CHECKS=0 */;
/*!40101 SET @OLD_SQL_MODE=@@SQL_MODE, SQL_MODE='NO_AUTO_VALUE_ON_ZERO' */;
/*!40111 SET @OLD_SQL_NOTES=@@SQL_NOTES, SQL_NOTES=0 */;
CREATE DATABASE /*!32312 IF NOT EXISTS*/`buypmwmk_premiumkey` /*!40100 DEFAULT CHARACTER SET utf8 */;

USE `buypmwmk_premiumkey`;

/*Table structure for table `articles` */

DROP TABLE IF EXISTS `articles`;

CREATE TABLE `articles` (
  `id` int(11) NOT NULL AUTO_INCREMENT,
  `title` varchar(200) DEFAULT NULL,
  `code` varchar(100) DEFAULT NULL,
  `brand` varchar(100) DEFAULT NULL COMMENT 'Nhãn hiệu',
  `description` text,
  `image` varchar(200) DEFAULT NULL,
  `url_title` varchar(200) DEFAULT NULL,
  `seo_title` varchar(200) DEFAULT NULL,
  `seo_description` text,
  `created_at` datetime DEFAULT NULL,
  `updated_at` datetime DEFAULT NULL,
  `status_stock` int(11) DEFAULT NULL COMMENT '0: Hết hàng - Not in stock\n1: Còn hàng - In Stock',
  `category_id` int(11) DEFAULT NULL,
  `position` int(11) DEFAULT '1',
  PRIMARY KEY (`id`)
) ENGINE=InnoDB AUTO_INCREMENT=13 DEFAULT CHARSET=utf8;

/*Data for the table `articles` */

insert  into `articles`(`id`,`title`,`code`,`brand`,`description`,`image`,`url_title`,`seo_title`,`seo_description`,`created_at`,`updated_at`,`status_stock`,`category_id`,`position`) values (1,'BigFile','BIGFILE','BigFile','<p>BigFile Premium&nbsp;</p>\r\n','1479054175.png','big-file','big file','<p>BigFile Premium&nbsp;</p>\r\n',NULL,'2017-05-21 09:48:35',1,4,1),(2,'Dep File','DEPF','DEPFILE','Dep File','1479011160.png','dep-file','Dep File','Dep File',NULL,NULL,1,4,1),(3,'Keep2share','KEEP2SHARE','KEEP2SHARE','<p>Keep2share Premium</p>\r\n','1480244986.png','keep2share-premium','Keep2share Premium ','<p>Keep2share Premium</p>\r\n','2016-11-27 11:09:46','2016-11-27 11:09:46',1,3,1),(4,'DataFile','DATAFILE','DataFile','<p>DataFile Premium</p>\r\n','1480245738.png','datafile-premium','DataFile Premium','<p>DataFile Premium</p>\r\n','2016-11-27 11:22:18','2016-11-27 11:22:18',1,3,1),(5,'Fileboom','Fileboom','Fileboom','<p>Fileboom Premium</p>\r\n','1480247179.png','fileboom-premium','Fileboom Premium','<p>Fileboom Premium</p>\r\n','2016-11-27 11:46:19','2016-11-27 11:46:19',1,3,1),(6,'Rapid Gator','Rabidgator','Rabidgator','<p>Rapid Gator</p>\r\n','1481646587.png','rapid-gator','Rapid Gator','<p>Rapid Gator</p>\r\n','2016-12-13 16:29:47','2016-12-13 16:29:47',1,4,1),(7,'Publish2','Publish2','Publish2','<p><a href=\"https://premiuminstant.com/publish2-premium/publish2-premium-30-days.html\">Publish2</a></p>\r\n','1481646866.png','publish2','Publish2','<p><a href=\"https://premiuminstant.com/publish2-premium/publish2-premium-30-days.html\">Publish2</a></p>\r\n','2016-12-13 16:34:26','2016-12-13 16:34:26',1,3,1),(8,'1fichier','1fichier','1fichier','<p><a href=\"https://premiuminstant.com/1fichier-premium/1fichier-premium-365-days.html\">1fichier</a></p>\r\n','1481647222.png','1fichier','1fichier','<p><a href=\"https://premiuminstant.com/1fichier-premium/1fichier-premium-365-days.html\">1fichier</a></p>\r\n','2016-12-13 16:38:10','2016-12-13 16:40:22',1,3,1),(9,'File Joker','Filejoker','Filejoker','<p>File Joker</p>\r\n','1481647367.png','file-joker','File Joker','<p>File Joker</p>\r\n','2016-12-13 16:42:33','2016-12-13 16:42:47',1,3,1),(10,'Nova File','Novafile','Novafile','<p>Nova File</p>\r\n','1481648756.png','nova-file','Nova File','<p>Nova File</p>\r\n','2016-12-13 17:05:41','2016-12-13 17:05:56',1,3,1),(11,'Deposit Files','DepositFiles','DepositFiles','<h1>DepositFiles Premium</h1>\r\n','1481649026.png','deposit-files','DepositFiles Premium','<h1>DepositFiles Premium</h1>\r\n','2016-12-13 17:10:02','2016-12-13 17:10:26',1,3,1),(12,'EasyBytez','EasyBytez','EasyBytez','<p><a href=\"https://premiuminstant.com/easybytez-premium/easybytez-premium-2-days.html\">EasyBytez</a></p>\r\n','1481649388.png','easybytez','EasyBytez','<p><a href=\"https://premiuminstant.com/easybytez-premium/easybytez-premium-2-days.html\">EasyBytez</a></p>\r\n','2016-12-13 17:16:16','2016-12-13 17:16:28',1,3,1);

/*Table structure for table `articles_type` */

DROP TABLE IF EXISTS `articles_type`;

CREATE TABLE `articles_type` (
  `id` int(11) NOT NULL AUTO_INCREMENT,
  `articles_id` int(11) NOT NULL,
  `title` varchar(100) DEFAULT NULL,
  `code` varchar(100) DEFAULT NULL,
  `price_order` decimal(10,2) DEFAULT NULL COMMENT 'giá order',
  `description` text,
  `status_stock` int(11) DEFAULT NULL,
  `url_title` varchar(100) DEFAULT NULL,
  `seo_title` varchar(200) DEFAULT NULL,
  `seo_description` text,
  `created_at` datetime DEFAULT NULL,
  `updated_at` datetime DEFAULT NULL,
  PRIMARY KEY (`id`,`articles_id`),
  KEY `fk_articles_type_articles1_idx` (`articles_id`),
  CONSTRAINT `fk_articles_type_articles1` FOREIGN KEY (`articles_id`) REFERENCES `articles` (`id`) ON DELETE NO ACTION ON UPDATE NO ACTION
) ENGINE=InnoDB AUTO_INCREMENT=51 DEFAULT CHARSET=utf8;

/*Data for the table `articles_type` */

insert  into `articles_type`(`id`,`articles_id`,`title`,`code`,`price_order`,`description`,`status_stock`,`url_title`,`seo_title`,`seo_description`,`created_at`,`updated_at`) values (1,2,'DepFile Premium 90 Days','DEPFILE90','34.50','<h2>Fileboom Premium 30 Days</h2>\r\n\r\n<p><strong>Official Website:&nbsp;<a href=\"http://fileboom.me/\">http://fileboom.me</a></strong></p>\r\n\r\n<p><strong>Contact:&nbsp;<a href=\"http://help.fileboom.me/\">http://help.fileboom.me</a></strong></p>\r\n\r\n<table>\r\n	<tbody>\r\n		<tr>\r\n			<td>FileBoom features</td>\r\n			<td>Free</td>\r\n			<td>Premium</td>\r\n		</tr>\r\n		<tr>\r\n			<td>Download speed</td>\r\n			<td>Very slow</td>\r\n			<td>Maximum</td>\r\n		</tr>\r\n		<tr>\r\n			<td>Instant start</td>\r\n			<td>30 seconds</td>\r\n			<td>0 seconds</td>\r\n		</tr>\r\n		<tr>\r\n			<td>Download accelerators</td>\r\n			<td><img alt=\"\" src=\"https://plusinstant.com/image/data/design/icon-cross.png\" /></td>\r\n			<td><img alt=\"\" src=\"https://plusinstant.com/image/data/design/icon-ok.png\" /></td>\r\n		</tr>\r\n		<tr>\r\n			<td>FTP and HTTP uploads</td>\r\n			<td><img alt=\"\" src=\"https://plusinstant.com/image/data/design/icon-cross.png\" /></td>\r\n			<td><img alt=\"\" src=\"https://plusinstant.com/image/data/design/icon-ok.png\" /></td>\r\n		</tr>\r\n		<tr>\r\n			<td>Files cloud-stored for</td>\r\n			<td>30 Days</td>\r\n			<td>90 Days</td>\r\n		</tr>\r\n		<tr>\r\n			<td>Resumable downloads</td>\r\n			<td><img alt=\"\" src=\"https://plusinstant.com/image/data/design/icon-cross.png\" /></td>\r\n			<td><img alt=\"\" src=\"https://plusinstant.com/image/data/design/icon-ok.png\" /></td>\r\n		</tr>\r\n		<tr>\r\n			<td>Max file size</td>\r\n			<td>500 Mb</td>\r\n			<td>5 GB</td>\r\n		</tr>\r\n		<tr>\r\n			<td>Simultaneous downloads</td>\r\n			<td><img alt=\"\" src=\"https://plusinstant.com/image/data/design/icon-cross.png\" /></td>\r\n			<td><img alt=\"\" src=\"https://plusinstant.com/image/data/design/icon-ok.png\" /></td>\r\n		</tr>\r\n	</tbody>\r\n</table>\r\n',1,'depfile-premium-90-days','DepFile Premium 90 Days','<h2>Fileboom Premium 30 Days</h2>\r\n\r\n<p><strong>Official Website:&nbsp;<a href=\"http://fileboom.me/\">http://fileboom.me</a></strong></p>\r\n\r\n<p><strong>Contact:&nbsp;<a href=\"http://help.fileboom.me/\">http://help.fileboom.me</a></strong></p>\r\n\r\n<table>\r\n	<tbody>\r\n		<tr>\r\n			<td>FileBoom features</td>\r\n			<td>Free</td>\r\n			<td>Premium</td>\r\n		</tr>\r\n		<tr>\r\n			<td>Download speed</td>\r\n			<td>Very slow</td>\r\n			<td>Maximum</td>\r\n		</tr>\r\n		<tr>\r\n			<td>Instant start</td>\r\n			<td>30 seconds</td>\r\n			<td>0 seconds</td>\r\n		</tr>\r\n		<tr>\r\n			<td>Download accelerators</td>\r\n			<td><img alt=\"\" src=\"https://plusinstant.com/image/data/design/icon-cross.png\" /></td>\r\n			<td><img alt=\"\" src=\"https://plusinstant.com/image/data/design/icon-ok.png\" /></td>\r\n		</tr>\r\n		<tr>\r\n			<td>FTP and HTTP uploads</td>\r\n			<td><img alt=\"\" src=\"https://plusinstant.com/image/data/design/icon-cross.png\" /></td>\r\n			<td><img alt=\"\" src=\"https://plusinstant.com/image/data/design/icon-ok.png\" /></td>\r\n		</tr>\r\n		<tr>\r\n			<td>Files cloud-stored for</td>\r\n			<td>30 Days</td>\r\n			<td>90 Days</td>\r\n		</tr>\r\n		<tr>\r\n			<td>Resumable downloads</td>\r\n			<td><img alt=\"\" src=\"https://plusinstant.com/image/data/design/icon-cross.png\" /></td>\r\n			<td><img alt=\"\" src=\"https://plusinstant.com/image/data/design/icon-ok.png\" /></td>\r\n		</tr>\r\n		<tr>\r\n			<td>Max file size</td>\r\n			<td>500 Mb</td>\r\n			<td>5 GB</td>\r\n		</tr>\r\n		<tr>\r\n			<td>Simultaneous downloads</td>\r\n			<td><img alt=\"\" src=\"https://plusinstant.com/image/data/design/icon-cross.png\" /></td>\r\n			<td><img alt=\"\" src=\"https://plusinstant.com/image/data/design/icon-ok.png\" /></td>\r\n		</tr>\r\n	</tbody>\r\n</table>\r\n','2016-11-24 03:45:33','2016-11-24 03:45:33'),(2,2,'DepFile Premium 30 Days','DEPFILE30','12.75','<h2>Fileboom Premium 30 Days</h2>\r\n\r\n<table>\r\n	<tbody>\r\n		<tr>\r\n			<td>FileBoom features</td>\r\n			<td>Free</td>\r\n			<td>Premium</td>\r\n		</tr>\r\n		<tr>\r\n			<td>Download speed</td>\r\n			<td>Very slow</td>\r\n			<td>Maximum</td>\r\n		</tr>\r\n		<tr>\r\n			<td>Instant start</td>\r\n			<td>30 seconds</td>\r\n			<td>0 seconds</td>\r\n		</tr>\r\n		<tr>\r\n			<td>Download accelerators</td>\r\n			<td><img alt=\"\" src=\"https://plusinstant.com/image/data/design/icon-cross.png\" /></td>\r\n			<td><img alt=\"\" src=\"https://plusinstant.com/image/data/design/icon-ok.png\" /></td>\r\n		</tr>\r\n		<tr>\r\n			<td>FTP and HTTP uploads</td>\r\n			<td><img alt=\"\" src=\"https://plusinstant.com/image/data/design/icon-cross.png\" /></td>\r\n			<td><img alt=\"\" src=\"https://plusinstant.com/image/data/design/icon-ok.png\" /></td>\r\n		</tr>\r\n		<tr>\r\n			<td>Files cloud-stored for</td>\r\n			<td>30 Days</td>\r\n			<td>90 Days</td>\r\n		</tr>\r\n		<tr>\r\n			<td>Resumable downloads</td>\r\n			<td><img alt=\"\" src=\"https://plusinstant.com/image/data/design/icon-cross.png\" /></td>\r\n			<td><img alt=\"\" src=\"https://plusinstant.com/image/data/design/icon-ok.png\" /></td>\r\n		</tr>\r\n		<tr>\r\n			<td>Max file size</td>\r\n			<td>500 Mb</td>\r\n			<td>5 GB</td>\r\n		</tr>\r\n		<tr>\r\n			<td>Simultaneous downloads</td>\r\n			<td><img alt=\"\" src=\"https://plusinstant.com/image/data/design/icon-cross.png\" /></td>\r\n			<td><img alt=\"\" src=\"https://plusinstant.com/image/data/design/icon-ok.png\" /></td>\r\n		</tr>\r\n	</tbody>\r\n</table>\r\n',0,'depfile-premium-30-days','DepFile Premium 30 Days','<h2>Fileboom Premium 30 Days</h2>\r\n\r\n<table>\r\n	<tbody>\r\n		<tr>\r\n			<td>FileBoom features</td>\r\n			<td>Free</td>\r\n			<td>Premium</td>\r\n		</tr>\r\n		<tr>\r\n			<td>Download speed</td>\r\n			<td>Very slow</td>\r\n			<td>Maximum</td>\r\n		</tr>\r\n		<tr>\r\n			<td>Instant start</td>\r\n			<td>30 seconds</td>\r\n			<td>0 seconds</td>\r\n		</tr>\r\n		<tr>\r\n			<td>Download accelerators</td>\r\n			<td><img alt=\"\" src=\"https://plusinstant.com/image/data/design/icon-cross.png\" /></td>\r\n			<td><img alt=\"\" src=\"https://plusinstant.com/image/data/design/icon-ok.png\" /></td>\r\n		</tr>\r\n		<tr>\r\n			<td>FTP and HTTP uploads</td>\r\n			<td><img alt=\"\" src=\"https://plusinstant.com/image/data/design/icon-cross.png\" /></td>\r\n			<td><img alt=\"\" src=\"https://plusinstant.com/image/data/design/icon-ok.png\" /></td>\r\n		</tr>\r\n		<tr>\r\n			<td>Files cloud-stored for</td>\r\n			<td>30 Days</td>\r\n			<td>90 Days</td>\r\n		</tr>\r\n		<tr>\r\n			<td>Resumable downloads</td>\r\n			<td><img alt=\"\" src=\"https://plusinstant.com/image/data/design/icon-cross.png\" /></td>\r\n			<td><img alt=\"\" src=\"https://plusinstant.com/image/data/design/icon-ok.png\" /></td>\r\n		</tr>\r\n		<tr>\r\n			<td>Max file size</td>\r\n			<td>500 Mb</td>\r\n			<td>5 GB</td>\r\n		</tr>\r\n		<tr>\r\n			<td>Simultaneous downloads</td>\r\n			<td><img alt=\"\" src=\"https://plusinstant.com/image/data/design/icon-cross.png\" /></td>\r\n			<td><img alt=\"\" src=\"https://plusinstant.com/image/data/design/icon-ok.png\" /></td>\r\n		</tr>\r\n	</tbody>\r\n</table>\r\n','2016-11-24 04:18:29','2016-11-27 07:42:48'),(3,2,'DepFile Premium 60 Days','DEPFILE60','20.34','<p>DepFile Premium 60 Days</p>\r\n',1,'depfile-premium-60-days','DepFile Premium 60 Days','<p>DepFile Premium 60 Days</p>\r\n','2016-11-27 07:50:20','2016-11-27 07:50:45'),(4,3,'Keep2share Premium 30 days','KEEP2SHARE30','15.25','<h2>Keep2share Premium 30 Days</h2>\r\n\r\n<p><strong>Official Website:&nbsp;<a href=\"http://keep2share.cc/\">http://keep2share.cc</a></strong></p>\r\n\r\n<p><strong>Contact:&nbsp;<a href=\"http://help.k2s.cc/\">http://help.k2s.cc</a></strong></p>\r\n\r\n<table>\r\n	<tbody>\r\n		<tr>\r\n			<td>Keep2Share features</td>\r\n			<td>Free</td>\r\n			<td>Premium</td>\r\n		</tr>\r\n		<tr>\r\n			<td>Download speed</td>\r\n			<td>Very slow</td>\r\n			<td>Maximum</td>\r\n		</tr>\r\n		<tr>\r\n			<td>Instant start</td>\r\n			<td>30 seconds</td>\r\n			<td>0 seconds</td>\r\n		</tr>\r\n		<tr>\r\n			<td>Download accelerators</td>\r\n			<td><img alt=\"\" src=\"https://plusinstant.com/image/data/design/no.png\" /></td>\r\n			<td><img alt=\"\" src=\"https://plusinstant.com/image/data/design/yes.png\" /></td>\r\n		</tr>\r\n		<tr>\r\n			<td>FTP and HTTP uploads</td>\r\n			<td><img alt=\"\" src=\"https://plusinstant.com/image/data/design/no.png\" /></td>\r\n			<td><img alt=\"\" src=\"https://plusinstant.com/image/data/design/yes.png\" /></td>\r\n		</tr>\r\n		<tr>\r\n			<td>Files cloud-stored for</td>\r\n			<td>30 Days</td>\r\n			<td>90 Days</td>\r\n		</tr>\r\n		<tr>\r\n			<td>Resumable downloads</td>\r\n			<td><img alt=\"\" src=\"https://plusinstant.com/image/data/design/no.png\" /></td>\r\n			<td><img alt=\"\" src=\"https://plusinstant.com/image/data/design/yes.png\" /></td>\r\n		</tr>\r\n		<tr>\r\n			<td>Max file size</td>\r\n			<td>500 Mb</td>\r\n			<td>5 GB</td>\r\n		</tr>\r\n		<tr>\r\n			<td>Simultaneous downloads</td>\r\n			<td><img alt=\"\" src=\"https://plusinstant.com/image/data/design/no.png\" /></td>\r\n			<td><img alt=\"\" src=\"https://plusinstant.com/image/data/design/yes.png\" /></td>\r\n		</tr>\r\n	</tbody>\r\n</table>\r\n',1,'keep2share-premium-30-days','Keep2share Premium 30 days','<h2>Keep2share Premium 30 Days</h2>\r\n\r\n<p><strong>Official Website:&nbsp;<a href=\"http://keep2share.cc/\">http://keep2share.cc</a></strong></p>\r\n\r\n<p><strong>Contact:&nbsp;<a href=\"http://help.k2s.cc/\">http://help.k2s.cc</a></strong></p>\r\n\r\n<table>\r\n	<tbody>\r\n		<tr>\r\n			<td>Keep2Share features</td>\r\n			<td>Free</td>\r\n			<td>Premium</td>\r\n		</tr>\r\n		<tr>\r\n			<td>Download speed</td>\r\n			<td>Very slow</td>\r\n			<td>Maximum</td>\r\n		</tr>\r\n		<tr>\r\n			<td>Instant start</td>\r\n			<td>30 seconds</td>\r\n			<td>0 seconds</td>\r\n		</tr>\r\n		<tr>\r\n			<td>Download accelerators</td>\r\n			<td><img alt=\"\" src=\"https://plusinstant.com/image/data/design/no.png\" /></td>\r\n			<td><img alt=\"\" src=\"https://plusinstant.com/image/data/design/yes.png\" /></td>\r\n		</tr>\r\n		<tr>\r\n			<td>FTP and HTTP uploads</td>\r\n			<td><img alt=\"\" src=\"https://plusinstant.com/image/data/design/no.png\" /></td>\r\n			<td><img alt=\"\" src=\"https://plusinstant.com/image/data/design/yes.png\" /></td>\r\n		</tr>\r\n		<tr>\r\n			<td>Files cloud-stored for</td>\r\n			<td>30 Days</td>\r\n			<td>90 Days</td>\r\n		</tr>\r\n		<tr>\r\n			<td>Resumable downloads</td>\r\n			<td><img alt=\"\" src=\"https://plusinstant.com/image/data/design/no.png\" /></td>\r\n			<td><img alt=\"\" src=\"https://plusinstant.com/image/data/design/yes.png\" /></td>\r\n		</tr>\r\n		<tr>\r\n			<td>Max file size</td>\r\n			<td>500 Mb</td>\r\n			<td>5 GB</td>\r\n		</tr>\r\n		<tr>\r\n			<td>Simultaneous downloads</td>\r\n			<td><img alt=\"\" src=\"https://plusinstant.com/image/data/design/no.png\" /></td>\r\n			<td><img alt=\"\" src=\"https://plusinstant.com/image/data/design/yes.png\" /></td>\r\n		</tr>\r\n	</tbody>\r\n</table>\r\n','2016-11-27 11:15:37','2016-11-27 11:15:37'),(5,3,'Keep2share Premium 90 Days','Keep2Share90','38.25','<h2>Keep2share Premium 90 Days</h2>\r\n\r\n<p><strong>Official Website:&nbsp;<a href=\"http://keep2share.cc/\">http://keep2share.cc</a></strong></p>\r\n\r\n<p><strong>Contact:&nbsp;<a href=\"http://help.k2s.cc/\">http://help.k2s.cc</a></strong></p>\r\n\r\n<table>\r\n	<tbody>\r\n		<tr>\r\n			<td>Keep2Share features</td>\r\n			<td>Free</td>\r\n			<td>Premium</td>\r\n		</tr>\r\n		<tr>\r\n			<td>Download speed</td>\r\n			<td>Very slow</td>\r\n			<td>Maximum</td>\r\n		</tr>\r\n		<tr>\r\n			<td>Instant start</td>\r\n			<td>30 seconds</td>\r\n			<td>0 seconds</td>\r\n		</tr>\r\n		<tr>\r\n			<td>Download accelerators</td>\r\n			<td><img alt=\"\" src=\"https://plusinstant.com/image/data/design/no.png\" /></td>\r\n			<td><img alt=\"\" src=\"https://plusinstant.com/image/data/design/yes.png\" /></td>\r\n		</tr>\r\n		<tr>\r\n			<td>FTP and HTTP uploads</td>\r\n			<td><img alt=\"\" src=\"https://plusinstant.com/image/data/design/no.png\" /></td>\r\n			<td><img alt=\"\" src=\"https://plusinstant.com/image/data/design/yes.png\" /></td>\r\n		</tr>\r\n		<tr>\r\n			<td>Files cloud-stored for</td>\r\n			<td>30 Days</td>\r\n			<td>90 Days</td>\r\n		</tr>\r\n		<tr>\r\n			<td>Resumable downloads</td>\r\n			<td><img alt=\"\" src=\"https://plusinstant.com/image/data/design/no.png\" /></td>\r\n			<td><img alt=\"\" src=\"https://plusinstant.com/image/data/design/yes.png\" /></td>\r\n		</tr>\r\n		<tr>\r\n			<td>Max file size</td>\r\n			<td>500 Mb</td>\r\n			<td>5 GB</td>\r\n		</tr>\r\n		<tr>\r\n			<td>Simultaneous downloads</td>\r\n			<td><img alt=\"\" src=\"https://plusinstant.com/image/data/design/no.png\" /></td>\r\n			<td><img alt=\"\" src=\"https://plusinstant.com/image/data/design/yes.png\" /></td>\r\n		</tr>\r\n	</tbody>\r\n</table>\r\n',1,'keep2share-premium-90-days','Keep2share Premium 90 Days','<h2>Keep2share Premium 90 Days</h2>\r\n\r\n<p><strong>Official Website:&nbsp;<a href=\"http://keep2share.cc/\">http://keep2share.cc</a></strong></p>\r\n\r\n<p><strong>Contact:&nbsp;<a href=\"http://help.k2s.cc/\">http://help.k2s.cc</a></strong></p>\r\n\r\n<table>\r\n	<tbody>\r\n		<tr>\r\n			<td>Keep2Share features</td>\r\n			<td>Free</td>\r\n			<td>Premium</td>\r\n		</tr>\r\n		<tr>\r\n			<td>Download speed</td>\r\n			<td>Very slow</td>\r\n			<td>Maximum</td>\r\n		</tr>\r\n		<tr>\r\n			<td>Instant start</td>\r\n			<td>30 seconds</td>\r\n			<td>0 seconds</td>\r\n		</tr>\r\n		<tr>\r\n			<td>Download accelerators</td>\r\n			<td><img alt=\"\" src=\"https://plusinstant.com/image/data/design/no.png\" /></td>\r\n			<td><img alt=\"\" src=\"https://plusinstant.com/image/data/design/yes.png\" /></td>\r\n		</tr>\r\n		<tr>\r\n			<td>FTP and HTTP uploads</td>\r\n			<td><img alt=\"\" src=\"https://plusinstant.com/image/data/design/no.png\" /></td>\r\n			<td><img alt=\"\" src=\"https://plusinstant.com/image/data/design/yes.png\" /></td>\r\n		</tr>\r\n		<tr>\r\n			<td>Files cloud-stored for</td>\r\n			<td>30 Days</td>\r\n			<td>90 Days</td>\r\n		</tr>\r\n		<tr>\r\n			<td>Resumable downloads</td>\r\n			<td><img alt=\"\" src=\"https://plusinstant.com/image/data/design/no.png\" /></td>\r\n			<td><img alt=\"\" src=\"https://plusinstant.com/image/data/design/yes.png\" /></td>\r\n		</tr>\r\n		<tr>\r\n			<td>Max file size</td>\r\n			<td>500 Mb</td>\r\n			<td>5 GB</td>\r\n		</tr>\r\n		<tr>\r\n			<td>Simultaneous downloads</td>\r\n			<td><img alt=\"\" src=\"https://plusinstant.com/image/data/design/no.png\" /></td>\r\n			<td><img alt=\"\" src=\"https://plusinstant.com/image/data/design/yes.png\" /></td>\r\n		</tr>\r\n	</tbody>\r\n</table>\r\n','2016-11-27 11:17:54','2016-11-27 11:17:54'),(6,3,'Keep2share Premium 365 days','Keep2Share365','105.25','<h2>Keep2share Premium 365 Days</h2>\r\n\r\n<p><strong>Official Website:&nbsp;<a href=\"http://keep2share.cc/\">http://keep2share.cc</a></strong></p>\r\n\r\n<p><strong>Contact:&nbsp;<a href=\"http://help.k2s.cc/\">http://help.k2s.cc</a></strong></p>\r\n\r\n<table>\r\n	<tbody>\r\n		<tr>\r\n			<td>Keep2Share features</td>\r\n			<td>Free</td>\r\n			<td>Premium</td>\r\n		</tr>\r\n		<tr>\r\n			<td>Download speed</td>\r\n			<td>Very slow</td>\r\n			<td>Maximum</td>\r\n		</tr>\r\n		<tr>\r\n			<td>Instant start</td>\r\n			<td>30 seconds</td>\r\n			<td>0 seconds</td>\r\n		</tr>\r\n		<tr>\r\n			<td>Download accelerators</td>\r\n			<td><img alt=\"\" src=\"https://plusinstant.com/image/data/design/no.png\" /></td>\r\n			<td><img alt=\"\" src=\"https://plusinstant.com/image/data/design/yes.png\" /></td>\r\n		</tr>\r\n		<tr>\r\n			<td>FTP and HTTP uploads</td>\r\n			<td><img alt=\"\" src=\"https://plusinstant.com/image/data/design/no.png\" /></td>\r\n			<td><img alt=\"\" src=\"https://plusinstant.com/image/data/design/yes.png\" /></td>\r\n		</tr>\r\n		<tr>\r\n			<td>Files cloud-stored for</td>\r\n			<td>30 Days</td>\r\n			<td>90 Days</td>\r\n		</tr>\r\n		<tr>\r\n			<td>Resumable downloads</td>\r\n			<td><img alt=\"\" src=\"https://plusinstant.com/image/data/design/no.png\" /></td>\r\n			<td><img alt=\"\" src=\"https://plusinstant.com/image/data/design/yes.png\" /></td>\r\n		</tr>\r\n		<tr>\r\n			<td>Max file size</td>\r\n			<td>500 Mb</td>\r\n			<td>5 GB</td>\r\n		</tr>\r\n		<tr>\r\n			<td>Simultaneous downloads</td>\r\n			<td><img alt=\"\" src=\"https://plusinstant.com/image/data/design/no.png\" /></td>\r\n			<td><img alt=\"\" src=\"https://plusinstant.com/image/data/design/yes.png\" /></td>\r\n		</tr>\r\n	</tbody>\r\n</table>\r\n',1,'keep2share-premium-365-days','Keep2share Premium 365 days','<h2>Keep2share Premium 365 Days</h2>\r\n\r\n<p><strong>Official Website:&nbsp;<a href=\"http://keep2share.cc/\">http://keep2share.cc</a></strong></p>\r\n\r\n<p><strong>Contact:&nbsp;<a href=\"http://help.k2s.cc/\">http://help.k2s.cc</a></strong></p>\r\n\r\n<table>\r\n	<tbody>\r\n		<tr>\r\n			<td>Keep2Share features</td>\r\n			<td>Free</td>\r\n			<td>Premium</td>\r\n		</tr>\r\n		<tr>\r\n			<td>Download speed</td>\r\n			<td>Very slow</td>\r\n			<td>Maximum</td>\r\n		</tr>\r\n		<tr>\r\n			<td>Instant start</td>\r\n			<td>30 seconds</td>\r\n			<td>0 seconds</td>\r\n		</tr>\r\n		<tr>\r\n			<td>Download accelerators</td>\r\n			<td><img alt=\"\" src=\"https://plusinstant.com/image/data/design/no.png\" /></td>\r\n			<td><img alt=\"\" src=\"https://plusinstant.com/image/data/design/yes.png\" /></td>\r\n		</tr>\r\n		<tr>\r\n			<td>FTP and HTTP uploads</td>\r\n			<td><img alt=\"\" src=\"https://plusinstant.com/image/data/design/no.png\" /></td>\r\n			<td><img alt=\"\" src=\"https://plusinstant.com/image/data/design/yes.png\" /></td>\r\n		</tr>\r\n		<tr>\r\n			<td>Files cloud-stored for</td>\r\n			<td>30 Days</td>\r\n			<td>90 Days</td>\r\n		</tr>\r\n		<tr>\r\n			<td>Resumable downloads</td>\r\n			<td><img alt=\"\" src=\"https://plusinstant.com/image/data/design/no.png\" /></td>\r\n			<td><img alt=\"\" src=\"https://plusinstant.com/image/data/design/yes.png\" /></td>\r\n		</tr>\r\n		<tr>\r\n			<td>Max file size</td>\r\n			<td>500 Mb</td>\r\n			<td>5 GB</td>\r\n		</tr>\r\n		<tr>\r\n			<td>Simultaneous downloads</td>\r\n			<td><img alt=\"\" src=\"https://plusinstant.com/image/data/design/no.png\" /></td>\r\n			<td><img alt=\"\" src=\"https://plusinstant.com/image/data/design/yes.png\" /></td>\r\n		</tr>\r\n	</tbody>\r\n</table>\r\n','2016-11-27 11:19:02','2016-11-27 11:19:02'),(7,3,'Keep2share Premium Life Time','Keep2ShareLT','148.25','<h2>Keep2share Premium Life Time</h2>\r\n\r\n<p><strong>Official Website:&nbsp;<a href=\"http://keep2share.cc/\">http://keep2share.cc</a></strong></p>\r\n\r\n<p><strong>Contact:&nbsp;<a href=\"http://help.k2s.cc/\">http://help.k2s.cc</a></strong></p>\r\n\r\n<table>\r\n	<tbody>\r\n		<tr>\r\n			<td>Keep2Share features</td>\r\n			<td>Free</td>\r\n			<td>Premium</td>\r\n		</tr>\r\n		<tr>\r\n			<td>Download speed</td>\r\n			<td>Very slow</td>\r\n			<td>Maximum</td>\r\n		</tr>\r\n		<tr>\r\n			<td>Instant start</td>\r\n			<td>30 seconds</td>\r\n			<td>0 seconds</td>\r\n		</tr>\r\n		<tr>\r\n			<td>Download accelerators</td>\r\n			<td><img alt=\"\" src=\"https://plusinstant.com/image/data/design/no.png\" /></td>\r\n			<td><img alt=\"\" src=\"https://plusinstant.com/image/data/design/yes.png\" /></td>\r\n		</tr>\r\n		<tr>\r\n			<td>FTP and HTTP uploads</td>\r\n			<td><img alt=\"\" src=\"https://plusinstant.com/image/data/design/no.png\" /></td>\r\n			<td><img alt=\"\" src=\"https://plusinstant.com/image/data/design/yes.png\" /></td>\r\n		</tr>\r\n		<tr>\r\n			<td>Files cloud-stored for</td>\r\n			<td>30 Days</td>\r\n			<td>90 Days</td>\r\n		</tr>\r\n		<tr>\r\n			<td>Resumable downloads</td>\r\n			<td><img alt=\"\" src=\"https://plusinstant.com/image/data/design/no.png\" /></td>\r\n			<td><img alt=\"\" src=\"https://plusinstant.com/image/data/design/yes.png\" /></td>\r\n		</tr>\r\n		<tr>\r\n			<td>Max file size</td>\r\n			<td>500 Mb</td>\r\n			<td>5 GB</td>\r\n		</tr>\r\n		<tr>\r\n			<td>Simultaneous downloads</td>\r\n			<td><img alt=\"\" src=\"https://plusinstant.com/image/data/design/no.png\" /></td>\r\n			<td><img alt=\"\" src=\"https://plusinstant.com/image/data/design/yes.png\" /></td>\r\n		</tr>\r\n	</tbody>\r\n</table>\r\n',1,'keep2share-premium-life-time','Keep2share Premium Life Time','<h2>Keep2share Premium Life Time</h2>\r\n\r\n<p><strong>Official Website:&nbsp;<a href=\"http://keep2share.cc/\">http://keep2share.cc</a></strong></p>\r\n\r\n<p><strong>Contact:&nbsp;<a href=\"http://help.k2s.cc/\">http://help.k2s.cc</a></strong></p>\r\n\r\n<table>\r\n	<tbody>\r\n		<tr>\r\n			<td>Keep2Share features</td>\r\n			<td>Free</td>\r\n			<td>Premium</td>\r\n		</tr>\r\n		<tr>\r\n			<td>Download speed</td>\r\n			<td>Very slow</td>\r\n			<td>Maximum</td>\r\n		</tr>\r\n		<tr>\r\n			<td>Instant start</td>\r\n			<td>30 seconds</td>\r\n			<td>0 seconds</td>\r\n		</tr>\r\n		<tr>\r\n			<td>Download accelerators</td>\r\n			<td><img alt=\"\" src=\"https://plusinstant.com/image/data/design/no.png\" /></td>\r\n			<td><img alt=\"\" src=\"https://plusinstant.com/image/data/design/yes.png\" /></td>\r\n		</tr>\r\n		<tr>\r\n			<td>FTP and HTTP uploads</td>\r\n			<td><img alt=\"\" src=\"https://plusinstant.com/image/data/design/no.png\" /></td>\r\n			<td><img alt=\"\" src=\"https://plusinstant.com/image/data/design/yes.png\" /></td>\r\n		</tr>\r\n		<tr>\r\n			<td>Files cloud-stored for</td>\r\n			<td>30 Days</td>\r\n			<td>90 Days</td>\r\n		</tr>\r\n		<tr>\r\n			<td>Resumable downloads</td>\r\n			<td><img alt=\"\" src=\"https://plusinstant.com/image/data/design/no.png\" /></td>\r\n			<td><img alt=\"\" src=\"https://plusinstant.com/image/data/design/yes.png\" /></td>\r\n		</tr>\r\n		<tr>\r\n			<td>Max file size</td>\r\n			<td>500 Mb</td>\r\n			<td>5 GB</td>\r\n		</tr>\r\n		<tr>\r\n			<td>Simultaneous downloads</td>\r\n			<td><img alt=\"\" src=\"https://plusinstant.com/image/data/design/no.png\" /></td>\r\n			<td><img alt=\"\" src=\"https://plusinstant.com/image/data/design/yes.png\" /></td>\r\n		</tr>\r\n	</tbody>\r\n</table>\r\n','2016-11-27 11:20:33','2016-11-27 11:20:33'),(8,4,'Datafile Premium 30 Days','Datafile30','16.90','<h2>Datafile Premium 30 Days</h2>\r\n\r\n<p><strong>Official Website:&nbsp;<a href=\"http://www.datafile.com/\">http://www.datafile.com</a></strong></p>\r\n\r\n<p><strong>Contact:&nbsp;<a href=\"http://www.datafile.com/help/contact.html\">http://www.datafile.com/help/contact.html</a></strong></p>\r\n\r\n<h2>Premium Features</h2>\r\n\r\n<table>\r\n	<tbody>\r\n		<tr>\r\n			<td>Download Speed</td>\r\n			<td>MAXIMUM</td>\r\n		</tr>\r\n		<tr>\r\n			<td>Download delay</td>\r\n			<td>0 seconds</td>\r\n		</tr>\r\n		<tr>\r\n			<td>Upload file size</td>\r\n			<td>Up to 30 Gb</td>\r\n		</tr>\r\n		<tr>\r\n			<td>Files livetime</td>\r\n			<td>Unlimited</td>\r\n		</tr>\r\n		<tr>\r\n			<td>Pausable downloads</td>\r\n			<td><img src=\"https://plusinstant.com/image/data/tick.gif\" /></td>\r\n		</tr>\r\n		<tr>\r\n			<td>Multiple download streams</td>\r\n			<td><img src=\"https://plusinstant.com/image/data/tick.gif\" /></td>\r\n		</tr>\r\n		<tr>\r\n			<td>No advertising</td>\r\n			<td><img src=\"https://plusinstant.com/image/data/tick.gif\" /></td>\r\n		</tr>\r\n	</tbody>\r\n</table>\r\n',1,'datafile-premium-30-days','Datafile Premium 30 Days','<h2>Datafile Premium 30 Days</h2>\r\n\r\n<p><strong>Official Website:&nbsp;<a href=\"http://www.datafile.com/\">http://www.datafile.com</a></strong></p>\r\n\r\n<p><strong>Contact:&nbsp;<a href=\"http://www.datafile.com/help/contact.html\">http://www.datafile.com/help/contact.html</a></strong></p>\r\n\r\n<h2>Premium Features</h2>\r\n\r\n<table>\r\n	<tbody>\r\n		<tr>\r\n			<td>Download Speed</td>\r\n			<td>MAXIMUM</td>\r\n		</tr>\r\n		<tr>\r\n			<td>Download delay</td>\r\n			<td>0 seconds</td>\r\n		</tr>\r\n		<tr>\r\n			<td>Upload file size</td>\r\n			<td>Up to 30 Gb</td>\r\n		</tr>\r\n		<tr>\r\n			<td>Files livetime</td>\r\n			<td>Unlimited</td>\r\n		</tr>\r\n		<tr>\r\n			<td>Pausable downloads</td>\r\n			<td><img src=\"https://plusinstant.com/image/data/tick.gif\" /></td>\r\n		</tr>\r\n		<tr>\r\n			<td>Multiple download streams</td>\r\n			<td><img src=\"https://plusinstant.com/image/data/tick.gif\" /></td>\r\n		</tr>\r\n		<tr>\r\n			<td>No advertising</td>\r\n			<td><img src=\"https://plusinstant.com/image/data/tick.gif\" /></td>\r\n		</tr>\r\n	</tbody>\r\n</table>\r\n','2016-11-27 11:23:40','2016-11-27 11:23:40'),(9,4,'Datafile Premium 90 Days','Datafile90','44.90','<h2>Datafile Premium 90 Days</h2>\r\n\r\n<p><strong>Official Website:&nbsp;<a href=\"http://www.datafile.com/\">http://www.datafile.com</a></strong></p>\r\n\r\n<p><strong>Contact:&nbsp;<a href=\"http://www.datafile.com/help/contact.html\">http://www.datafile.com/help/contact.html</a></strong></p>\r\n\r\n<h2>Premium Features</h2>\r\n\r\n<table>\r\n	<tbody>\r\n		<tr>\r\n			<td>Download Speed</td>\r\n			<td>MAXIMUM</td>\r\n		</tr>\r\n		<tr>\r\n			<td>Download delay</td>\r\n			<td>0 seconds</td>\r\n		</tr>\r\n		<tr>\r\n			<td>Upload file size</td>\r\n			<td>Up to 30 Gb</td>\r\n		</tr>\r\n		<tr>\r\n			<td>Files livetime</td>\r\n			<td>Unlimited</td>\r\n		</tr>\r\n		<tr>\r\n			<td>Pausable downloads</td>\r\n			<td><img src=\"https://plusinstant.com/image/data/tick.gif\" /></td>\r\n		</tr>\r\n		<tr>\r\n			<td>Multiple download streams</td>\r\n			<td><img src=\"https://plusinstant.com/image/data/tick.gif\" /></td>\r\n		</tr>\r\n		<tr>\r\n			<td>No advertising</td>\r\n			<td><img src=\"https://plusinstant.com/image/data/tick.gif\" /></td>\r\n		</tr>\r\n	</tbody>\r\n</table>\r\n',1,'datafile-premium-90-days','Datafile Premium 90 Days','<h2>Datafile Premium 90 Days</h2>\r\n\r\n<p><strong>Official Website:&nbsp;<a href=\"http://www.datafile.com/\">http://www.datafile.com</a></strong></p>\r\n\r\n<p><strong>Contact:&nbsp;<a href=\"http://www.datafile.com/help/contact.html\">http://www.datafile.com/help/contact.html</a></strong></p>\r\n\r\n<h2>Premium Features</h2>\r\n\r\n<table>\r\n	<tbody>\r\n		<tr>\r\n			<td>Download Speed</td>\r\n			<td>MAXIMUM</td>\r\n		</tr>\r\n		<tr>\r\n			<td>Download delay</td>\r\n			<td>0 seconds</td>\r\n		</tr>\r\n		<tr>\r\n			<td>Upload file size</td>\r\n			<td>Up to 30 Gb</td>\r\n		</tr>\r\n		<tr>\r\n			<td>Files livetime</td>\r\n			<td>Unlimited</td>\r\n		</tr>\r\n		<tr>\r\n			<td>Pausable downloads</td>\r\n			<td><img src=\"https://plusinstant.com/image/data/tick.gif\" /></td>\r\n		</tr>\r\n		<tr>\r\n			<td>Multiple download streams</td>\r\n			<td><img src=\"https://plusinstant.com/image/data/tick.gif\" /></td>\r\n		</tr>\r\n		<tr>\r\n			<td>No advertising</td>\r\n			<td><img src=\"https://plusinstant.com/image/data/tick.gif\" /></td>\r\n		</tr>\r\n	</tbody>\r\n</table>\r\n','2016-11-27 11:25:19','2016-11-27 11:25:19'),(10,4,'Datafile Premium 180 Days','Datafile180','60.90','<h2>Datafile Premium 180 Days</h2>\r\n\r\n<p><strong>Official Website:&nbsp;<a href=\"http://www.datafile.com/\">http://www.datafile.com</a></strong></p>\r\n\r\n<p><strong>Contact:&nbsp;<a href=\"http://www.datafile.com/help/contact.html\">http://www.datafile.com/help/contact.html</a></strong></p>\r\n\r\n<h2>Premium Features</h2>\r\n\r\n<table>\r\n	<tbody>\r\n		<tr>\r\n			<td>Download Speed</td>\r\n			<td>MAXIMUM</td>\r\n		</tr>\r\n		<tr>\r\n			<td>Download delay</td>\r\n			<td>0 seconds</td>\r\n		</tr>\r\n		<tr>\r\n			<td>Upload file size</td>\r\n			<td>Up to 30 Gb</td>\r\n		</tr>\r\n		<tr>\r\n			<td>Files livetime</td>\r\n			<td>Unlimited</td>\r\n		</tr>\r\n		<tr>\r\n			<td>Pausable downloads</td>\r\n			<td><img src=\"https://plusinstant.com/image/data/tick.gif\" /></td>\r\n		</tr>\r\n		<tr>\r\n			<td>Multiple download streams</td>\r\n			<td><img src=\"https://plusinstant.com/image/data/tick.gif\" /></td>\r\n		</tr>\r\n		<tr>\r\n			<td>No advertising</td>\r\n			<td><img src=\"https://plusinstant.com/image/data/tick.gif\" /></td>\r\n		</tr>\r\n	</tbody>\r\n</table>\r\n',1,'datafile-premium-180-days','Datafile Premium 180 Days','<h2>Datafile Premium 180 Days</h2>\r\n\r\n<p><strong>Official Website:&nbsp;<a href=\"http://www.datafile.com/\">http://www.datafile.com</a></strong></p>\r\n\r\n<p><strong>Contact:&nbsp;<a href=\"http://www.datafile.com/help/contact.html\">http://www.datafile.com/help/contact.html</a></strong></p>\r\n\r\n<h2>Premium Features</h2>\r\n\r\n<table>\r\n	<tbody>\r\n		<tr>\r\n			<td>Download Speed</td>\r\n			<td>MAXIMUM</td>\r\n		</tr>\r\n		<tr>\r\n			<td>Download delay</td>\r\n			<td>0 seconds</td>\r\n		</tr>\r\n		<tr>\r\n			<td>Upload file size</td>\r\n			<td>Up to 30 Gb</td>\r\n		</tr>\r\n		<tr>\r\n			<td>Files livetime</td>\r\n			<td>Unlimited</td>\r\n		</tr>\r\n		<tr>\r\n			<td>Pausable downloads</td>\r\n			<td><img src=\"https://plusinstant.com/image/data/tick.gif\" /></td>\r\n		</tr>\r\n		<tr>\r\n			<td>Multiple download streams</td>\r\n			<td><img src=\"https://plusinstant.com/image/data/tick.gif\" /></td>\r\n		</tr>\r\n		<tr>\r\n			<td>No advertising</td>\r\n			<td><img src=\"https://plusinstant.com/image/data/tick.gif\" /></td>\r\n		</tr>\r\n	</tbody>\r\n</table>\r\n','2016-11-27 11:26:05','2016-11-27 11:26:05'),(11,4,'Datafile Premium 365 Days','Datafile365','110.90','<h2>Datafile Premium 365 Days</h2>\r\n\r\n<p><strong>Official Website:&nbsp;<a href=\"http://www.datafile.com/\">http://www.datafile.com</a></strong></p>\r\n\r\n<p><strong>Contact:&nbsp;<a href=\"http://www.datafile.com/help/contact.html\">http://www.datafile.com/help/contact.html</a></strong></p>\r\n\r\n<h2>Premium Features</h2>\r\n\r\n<table>\r\n	<tbody>\r\n		<tr>\r\n			<td>Download Speed</td>\r\n			<td>MAXIMUM</td>\r\n		</tr>\r\n		<tr>\r\n			<td>Download delay</td>\r\n			<td>0 seconds</td>\r\n		</tr>\r\n		<tr>\r\n			<td>Upload file size</td>\r\n			<td>Up to 30 Gb</td>\r\n		</tr>\r\n		<tr>\r\n			<td>Files livetime</td>\r\n			<td>Unlimited</td>\r\n		</tr>\r\n		<tr>\r\n			<td>Pausable downloads</td>\r\n			<td><img src=\"https://plusinstant.com/image/data/tick.gif\" /></td>\r\n		</tr>\r\n		<tr>\r\n			<td>Multiple download streams</td>\r\n			<td><img src=\"https://plusinstant.com/image/data/tick.gif\" /></td>\r\n		</tr>\r\n		<tr>\r\n			<td>No advertising</td>\r\n			<td><img src=\"https://plusinstant.com/image/data/tick.gif\" /></td>\r\n		</tr>\r\n	</tbody>\r\n</table>\r\n',1,'datafile-premium-365-days','Datafile Premium 365 Days','<h2>Datafile Premium 365 Days</h2>\r\n\r\n<p><strong>Official Website:&nbsp;<a href=\"http://www.datafile.com/\">http://www.datafile.com</a></strong></p>\r\n\r\n<p><strong>Contact:&nbsp;<a href=\"http://www.datafile.com/help/contact.html\">http://www.datafile.com/help/contact.html</a></strong></p>\r\n\r\n<h2>Premium Features</h2>\r\n\r\n<table>\r\n	<tbody>\r\n		<tr>\r\n			<td>Download Speed</td>\r\n			<td>MAXIMUM</td>\r\n		</tr>\r\n		<tr>\r\n			<td>Download delay</td>\r\n			<td>0 seconds</td>\r\n		</tr>\r\n		<tr>\r\n			<td>Upload file size</td>\r\n			<td>Up to 30 Gb</td>\r\n		</tr>\r\n		<tr>\r\n			<td>Files livetime</td>\r\n			<td>Unlimited</td>\r\n		</tr>\r\n		<tr>\r\n			<td>Pausable downloads</td>\r\n			<td><img src=\"https://plusinstant.com/image/data/tick.gif\" /></td>\r\n		</tr>\r\n		<tr>\r\n			<td>Multiple download streams</td>\r\n			<td><img src=\"https://plusinstant.com/image/data/tick.gif\" /></td>\r\n		</tr>\r\n		<tr>\r\n			<td>No advertising</td>\r\n			<td><img src=\"https://plusinstant.com/image/data/tick.gif\" /></td>\r\n		</tr>\r\n	</tbody>\r\n</table>\r\n','2016-11-27 11:26:50','2016-11-27 11:26:50'),(12,1,'BigFile Premium 30 Days','BigFile30','13.00','<h2>BigFile Premium 30 Days</h2>\r\n\r\n<p><strong>Official Website:&nbsp;<a href=\"https://www.bigfile.to/\" target=\"_blank\">https://www.bigfile.to</a></strong></p>\r\n\r\n<p><strong>Contact:&nbsp;<a href=\"https://www.bigfile.to/support.php\" target=\"_blank\">https://www.bigfile.to/support.php</a></strong></p>\r\n\r\n<h2>Premium Features</h2>\r\n\r\n<ul>\r\n	<li>Maximum download speed</li>\r\n	<li>Unlimited personal storage</li>\r\n	<li>Upload up to 10GB sized files</li>\r\n	<li>Unlimited Archiving for all of your files</li>\r\n</ul>\r\n\r\n<ul>\r\n	<li>Extended amount of bandwidth</li>\r\n	<li>Download without waiting time and ads</li>\r\n	<li>Unlimited parallel downloads</li>\r\n	<li>Support for download accelerators</li>\r\n</ul>\r\n',1,'bigfile-premium-30-days','BigFile Premium 30 Days','<h2>BigFile Premium 30 Days</h2>\r\n\r\n<p><strong>Official Website:&nbsp;<a href=\"https://www.bigfile.to/\" target=\"_blank\">https://www.bigfile.to</a></strong></p>\r\n\r\n<p><strong>Contact:&nbsp;<a href=\"https://www.bigfile.to/support.php\" target=\"_blank\">https://www.bigfile.to/support.php</a></strong></p>\r\n\r\n<h2>Premium Features</h2>\r\n\r\n<ul>\r\n	<li>Maximum download speed</li>\r\n	<li>Unlimited personal storage</li>\r\n	<li>Upload up to 10GB sized files</li>\r\n	<li>Unlimited Archiving for all of your files</li>\r\n</ul>\r\n\r\n<ul>\r\n	<li>Extended amount of bandwidth</li>\r\n	<li>Download without waiting time and ads</li>\r\n	<li>Unlimited parallel downloads</li>\r\n	<li>Support for download accelerators</li>\r\n</ul>\r\n','2016-11-27 11:29:21','2016-11-27 11:29:21'),(13,1,'BigFile Premium 90 Days','BigFile90','29.50','<h2>BigFile Premium 90 Days</h2>\r\n\r\n<p><strong>Official Website:&nbsp;<a href=\"https://www.bigfile.to/\" target=\"_blank\">https://www.bigfile.to</a></strong></p>\r\n\r\n<p><strong>Contact:&nbsp;<a href=\"https://www.bigfile.to/support.php\" target=\"_blank\">https://www.bigfile.to/support.php</a></strong></p>\r\n\r\n<h2>Premium Features</h2>\r\n\r\n<ul>\r\n	<li>Maximum download speed</li>\r\n	<li>Unlimited personal storage</li>\r\n	<li>Upload up to 10GB sized files</li>\r\n	<li>Unlimited Archiving for all of your files</li>\r\n</ul>\r\n\r\n<ul>\r\n	<li>Extended amount of bandwidth</li>\r\n	<li>Download without waiting time and ads</li>\r\n	<li>Unlimited parallel downloads</li>\r\n	<li>Support for download accelerators</li>\r\n</ul>\r\n',1,'bigfile-premium-90-days','BigFile Premium 90 Days','<h2>BigFile Premium 90 Days</h2>\r\n\r\n<p><strong>Official Website:&nbsp;<a href=\"https://www.bigfile.to/\" target=\"_blank\">https://www.bigfile.to</a></strong></p>\r\n\r\n<p><strong>Contact:&nbsp;<a href=\"https://www.bigfile.to/support.php\" target=\"_blank\">https://www.bigfile.to/support.php</a></strong></p>\r\n\r\n<h2>Premium Features</h2>\r\n\r\n<ul>\r\n	<li>Maximum download speed</li>\r\n	<li>Unlimited personal storage</li>\r\n	<li>Upload up to 10GB sized files</li>\r\n	<li>Unlimited Archiving for all of your files</li>\r\n</ul>\r\n\r\n<ul>\r\n	<li>Extended amount of bandwidth</li>\r\n	<li>Download without waiting time and ads</li>\r\n	<li>Unlimited parallel downloads</li>\r\n	<li>Support for download accelerators</li>\r\n</ul>\r\n','2016-11-27 11:30:36','2016-11-27 11:30:36'),(14,1,'BigFile Premium 180 Days','BigFile180','49.99','<h2>BigFile Premium 180 Days</h2>\r\n\r\n<p><strong>Official Website:&nbsp;<a href=\"https://www.bigfile.to/\" target=\"_blank\">https://www.bigfile.to</a></strong></p>\r\n\r\n<p><strong>Contact:&nbsp;<a href=\"https://www.bigfile.to/support.php\" target=\"_blank\">https://www.bigfile.to/support.php</a></strong></p>\r\n\r\n<h2>Premium Features</h2>\r\n\r\n<ul>\r\n	<li>Maximum download speed</li>\r\n	<li>Unlimited personal storage</li>\r\n	<li>Upload up to 10GB sized files</li>\r\n	<li>Unlimited Archiving for all of your files</li>\r\n</ul>\r\n\r\n<ul>\r\n	<li>Extended amount of bandwidth</li>\r\n	<li>Download without waiting time and ads</li>\r\n	<li>Unlimited parallel downloads</li>\r\n	<li>Support for download accelerators</li>\r\n</ul>\r\n',1,'bigfile-premium-180-days','BigFile Premium 180 Days','<h2>BigFile Premium 180 Days</h2>\r\n\r\n<p><strong>Official Website:&nbsp;<a href=\"https://www.bigfile.to/\" target=\"_blank\">https://www.bigfile.to</a></strong></p>\r\n\r\n<p><strong>Contact:&nbsp;<a href=\"https://www.bigfile.to/support.php\" target=\"_blank\">https://www.bigfile.to/support.php</a></strong></p>\r\n\r\n<h2>Premium Features</h2>\r\n\r\n<ul>\r\n	<li>Maximum download speed</li>\r\n	<li>Unlimited personal storage</li>\r\n	<li>Upload up to 10GB sized files</li>\r\n	<li>Unlimited Archiving for all of your files</li>\r\n</ul>\r\n\r\n<ul>\r\n	<li>Extended amount of bandwidth</li>\r\n	<li>Download without waiting time and ads</li>\r\n	<li>Unlimited parallel downloads</li>\r\n	<li>Support for download accelerators</li>\r\n</ul>\r\n','2016-11-27 11:31:49','2016-11-27 11:31:49'),(15,1,'BigFile Premium 365 Days','BigFile365','69.99','<h2>BigFile Premium 365 Days</h2>\r\n\r\n<p><strong>Official Website:&nbsp;<a href=\"https://www.bigfile.to/\" target=\"_blank\">https://www.bigfile.to</a></strong></p>\r\n\r\n<p><strong>Contact:&nbsp;<a href=\"https://www.bigfile.to/support.php\" target=\"_blank\">https://www.bigfile.to/support.php</a></strong></p>\r\n\r\n<h2>Premium Features</h2>\r\n\r\n<ul>\r\n	<li>Maximum download speed</li>\r\n	<li>Unlimited personal storage</li>\r\n	<li>Upload up to 10GB sized files</li>\r\n	<li>Unlimited Archiving for all of your files</li>\r\n</ul>\r\n\r\n<ul>\r\n	<li>Extended amount of bandwidth</li>\r\n	<li>Download without waiting time and ads</li>\r\n	<li>Unlimited parallel downloads</li>\r\n	<li>Support for download accelerators</li>\r\n</ul>\r\n',1,'bigfile-premium-365-days','BigFile Premium 365 Days','<h2>BigFile Premium 365 Days</h2>\r\n\r\n<p><strong>Official Website:&nbsp;<a href=\"https://www.bigfile.to/\" target=\"_blank\">https://www.bigfile.to</a></strong></p>\r\n\r\n<p><strong>Contact:&nbsp;<a href=\"https://www.bigfile.to/support.php\" target=\"_blank\">https://www.bigfile.to/support.php</a></strong></p>\r\n\r\n<h2>Premium Features</h2>\r\n\r\n<ul>\r\n	<li>Maximum download speed</li>\r\n	<li>Unlimited personal storage</li>\r\n	<li>Upload up to 10GB sized files</li>\r\n	<li>Unlimited Archiving for all of your files</li>\r\n</ul>\r\n\r\n<ul>\r\n	<li>Extended amount of bandwidth</li>\r\n	<li>Download without waiting time and ads</li>\r\n	<li>Unlimited parallel downloads</li>\r\n	<li>Support for download accelerators</li>\r\n</ul>\r\n','2016-11-27 11:32:33','2016-11-27 11:32:33'),(16,1,'BigFile Premium 730 Days','BigFile730','99.99','<h2>igFile Premium 730 Days</h2>\r\n\r\n<p><strong>Official Website:&nbsp;<a href=\"https://www.bigfile.to/\" target=\"_blank\">https://www.bigfile.to</a></strong></p>\r\n\r\n<p><strong>Contact:&nbsp;<a href=\"https://www.bigfile.to/support.php\" target=\"_blank\">https://www.bigfile.to/support.php</a></strong></p>\r\n\r\n<h2>Premium Features</h2>\r\n\r\n<ul>\r\n	<li>Maximum download speed</li>\r\n	<li>Unlimited personal storage</li>\r\n	<li>Upload up to 10GB sized files</li>\r\n	<li>Unlimited Archiving for all of your files</li>\r\n</ul>\r\n\r\n<ul>\r\n	<li>Extended amount of bandwidth</li>\r\n	<li>Download without waiting time and ads</li>\r\n	<li>Unlimited parallel downloads</li>\r\n	<li>Support for download accelerators</li>\r\n</ul>\r\n',1,'bigfile-premium-730-days','BigFile Premium 730 Days','<h2>igFile Premium 730 Days</h2>\r\n\r\n<p><strong>Official Website:&nbsp;<a href=\"https://www.bigfile.to/\" target=\"_blank\">https://www.bigfile.to</a></strong></p>\r\n\r\n<p><strong>Contact:&nbsp;<a href=\"https://www.bigfile.to/support.php\" target=\"_blank\">https://www.bigfile.to/support.php</a></strong></p>\r\n\r\n<h2>Premium Features</h2>\r\n\r\n<ul>\r\n	<li>Maximum download speed</li>\r\n	<li>Unlimited personal storage</li>\r\n	<li>Upload up to 10GB sized files</li>\r\n	<li>Unlimited Archiving for all of your files</li>\r\n</ul>\r\n\r\n<ul>\r\n	<li>Extended amount of bandwidth</li>\r\n	<li>Download without waiting time and ads</li>\r\n	<li>Unlimited parallel downloads</li>\r\n	<li>Support for download accelerators</li>\r\n</ul>\r\n','2016-11-27 11:33:18','2016-11-27 11:33:18'),(17,5,'Fileboom Premium 30 Days','Fileboom30','15.95','<h2>Fileboom Premium 30 Days</h2>\r\n\r\n<p><strong>Official Website:&nbsp;<a href=\"http://fileboom.me/\">http://fileboom.me</a></strong></p>\r\n\r\n<p><strong>Contact:&nbsp;<a href=\"http://help.fileboom.me/\">http://help.fileboom.me</a></strong></p>\r\n\r\n<table>\r\n	<tbody>\r\n		<tr>\r\n			<td>FileBoom features</td>\r\n			<td>Free</td>\r\n			<td>Premium</td>\r\n		</tr>\r\n		<tr>\r\n			<td>Download speed</td>\r\n			<td>Very slow</td>\r\n			<td>Maximum</td>\r\n		</tr>\r\n		<tr>\r\n			<td>Instant start</td>\r\n			<td>30 seconds</td>\r\n			<td>0 seconds</td>\r\n		</tr>\r\n		<tr>\r\n			<td>Download accelerators</td>\r\n			<td><img alt=\"\" src=\"https://plusinstant.com/image/data/design/icon-cross.png\" /></td>\r\n			<td><img alt=\"\" src=\"https://plusinstant.com/image/data/design/icon-ok.png\" /></td>\r\n		</tr>\r\n		<tr>\r\n			<td>FTP and HTTP uploads</td>\r\n			<td><img alt=\"\" src=\"https://plusinstant.com/image/data/design/icon-cross.png\" /></td>\r\n			<td><img alt=\"\" src=\"https://plusinstant.com/image/data/design/icon-ok.png\" /></td>\r\n		</tr>\r\n		<tr>\r\n			<td>Files cloud-stored for</td>\r\n			<td>30 Days</td>\r\n			<td>90 Days</td>\r\n		</tr>\r\n		<tr>\r\n			<td>Resumable downloads</td>\r\n			<td><img alt=\"\" src=\"https://plusinstant.com/image/data/design/icon-cross.png\" /></td>\r\n			<td><img alt=\"\" src=\"https://plusinstant.com/image/data/design/icon-ok.png\" /></td>\r\n		</tr>\r\n		<tr>\r\n			<td>Max file size</td>\r\n			<td>500 Mb</td>\r\n			<td>5 GB</td>\r\n		</tr>\r\n		<tr>\r\n			<td>Simultaneous downloads</td>\r\n			<td><img alt=\"\" src=\"https://plusinstant.com/image/data/design/icon-cross.png\" /></td>\r\n			<td><img alt=\"\" src=\"https://plusinstant.com/image/data/design/icon-ok.png\" /></td>\r\n		</tr>\r\n	</tbody>\r\n</table>\r\n',1,'fileboom-premium-30-days','Fileboom Premium 30 Days','<h2>Fileboom Premium 30 Days</h2>\r\n\r\n<p><strong>Official Website:&nbsp;<a href=\"http://fileboom.me/\">http://fileboom.me</a></strong></p>\r\n\r\n<p><strong>Contact:&nbsp;<a href=\"http://help.fileboom.me/\">http://help.fileboom.me</a></strong></p>\r\n\r\n<table>\r\n	<tbody>\r\n		<tr>\r\n			<td>FileBoom features</td>\r\n			<td>Free</td>\r\n			<td>Premium</td>\r\n		</tr>\r\n		<tr>\r\n			<td>Download speed</td>\r\n			<td>Very slow</td>\r\n			<td>Maximum</td>\r\n		</tr>\r\n		<tr>\r\n			<td>Instant start</td>\r\n			<td>30 seconds</td>\r\n			<td>0 seconds</td>\r\n		</tr>\r\n		<tr>\r\n			<td>Download accelerators</td>\r\n			<td><img alt=\"\" src=\"https://plusinstant.com/image/data/design/icon-cross.png\" /></td>\r\n			<td><img alt=\"\" src=\"https://plusinstant.com/image/data/design/icon-ok.png\" /></td>\r\n		</tr>\r\n		<tr>\r\n			<td>FTP and HTTP uploads</td>\r\n			<td><img alt=\"\" src=\"https://plusinstant.com/image/data/design/icon-cross.png\" /></td>\r\n			<td><img alt=\"\" src=\"https://plusinstant.com/image/data/design/icon-ok.png\" /></td>\r\n		</tr>\r\n		<tr>\r\n			<td>Files cloud-stored for</td>\r\n			<td>30 Days</td>\r\n			<td>90 Days</td>\r\n		</tr>\r\n		<tr>\r\n			<td>Resumable downloads</td>\r\n			<td><img alt=\"\" src=\"https://plusinstant.com/image/data/design/icon-cross.png\" /></td>\r\n			<td><img alt=\"\" src=\"https://plusinstant.com/image/data/design/icon-ok.png\" /></td>\r\n		</tr>\r\n		<tr>\r\n			<td>Max file size</td>\r\n			<td>500 Mb</td>\r\n			<td>5 GB</td>\r\n		</tr>\r\n		<tr>\r\n			<td>Simultaneous downloads</td>\r\n			<td><img alt=\"\" src=\"https://plusinstant.com/image/data/design/icon-cross.png\" /></td>\r\n			<td><img alt=\"\" src=\"https://plusinstant.com/image/data/design/icon-ok.png\" /></td>\r\n		</tr>\r\n	</tbody>\r\n</table>\r\n','2016-11-27 11:47:14','2016-11-27 11:47:14'),(18,5,'Fileboom Premium 90 Days','Fileboom90','39.95','<h2>Fileboom Premium 90 Days</h2>\r\n\r\n<p><strong>Official Website:&nbsp;<a href=\"http://fileboom.me/\">http://fileboom.me</a></strong></p>\r\n\r\n<p><strong>Contact:&nbsp;<a href=\"http://help.fileboom.me/\">http://help.fileboom.me</a></strong></p>\r\n\r\n<table>\r\n	<tbody>\r\n		<tr>\r\n			<td>FileBoom features</td>\r\n			<td>Free</td>\r\n			<td>Premium</td>\r\n		</tr>\r\n		<tr>\r\n			<td>Download speed</td>\r\n			<td>Very slow</td>\r\n			<td>Maximum</td>\r\n		</tr>\r\n		<tr>\r\n			<td>Instant start</td>\r\n			<td>30 seconds</td>\r\n			<td>0 seconds</td>\r\n		</tr>\r\n		<tr>\r\n			<td>Download accelerators</td>\r\n			<td><img alt=\"\" src=\"https://plusinstant.com/image/data/design/icon-cross.png\" /></td>\r\n			<td><img alt=\"\" src=\"https://plusinstant.com/image/data/design/icon-ok.png\" /></td>\r\n		</tr>\r\n		<tr>\r\n			<td>FTP and HTTP uploads</td>\r\n			<td><img alt=\"\" src=\"https://plusinstant.com/image/data/design/icon-cross.png\" /></td>\r\n			<td><img alt=\"\" src=\"https://plusinstant.com/image/data/design/icon-ok.png\" /></td>\r\n		</tr>\r\n		<tr>\r\n			<td>Files cloud-stored for</td>\r\n			<td>30 Days</td>\r\n			<td>90 Days</td>\r\n		</tr>\r\n		<tr>\r\n			<td>Resumable downloads</td>\r\n			<td><img alt=\"\" src=\"https://plusinstant.com/image/data/design/icon-cross.png\" /></td>\r\n			<td><img alt=\"\" src=\"https://plusinstant.com/image/data/design/icon-ok.png\" /></td>\r\n		</tr>\r\n		<tr>\r\n			<td>Max file size</td>\r\n			<td>500 Mb</td>\r\n			<td>5 GB</td>\r\n		</tr>\r\n		<tr>\r\n			<td>Simultaneous downloads</td>\r\n			<td><img alt=\"\" src=\"https://plusinstant.com/image/data/design/icon-cross.png\" /></td>\r\n			<td><img alt=\"\" src=\"https://plusinstant.com/image/data/design/icon-ok.png\" /></td>\r\n		</tr>\r\n	</tbody>\r\n</table>\r\n',1,'fileboom-premium-90-days','Fileboom Premium 90 Days','<h2>Fileboom Premium 90 Days</h2>\r\n\r\n<p><strong>Official Website:&nbsp;<a href=\"http://fileboom.me/\">http://fileboom.me</a></strong></p>\r\n\r\n<p><strong>Contact:&nbsp;<a href=\"http://help.fileboom.me/\">http://help.fileboom.me</a></strong></p>\r\n\r\n<table>\r\n	<tbody>\r\n		<tr>\r\n			<td>FileBoom features</td>\r\n			<td>Free</td>\r\n			<td>Premium</td>\r\n		</tr>\r\n		<tr>\r\n			<td>Download speed</td>\r\n			<td>Very slow</td>\r\n			<td>Maximum</td>\r\n		</tr>\r\n		<tr>\r\n			<td>Instant start</td>\r\n			<td>30 seconds</td>\r\n			<td>0 seconds</td>\r\n		</tr>\r\n		<tr>\r\n			<td>Download accelerators</td>\r\n			<td><img alt=\"\" src=\"https://plusinstant.com/image/data/design/icon-cross.png\" /></td>\r\n			<td><img alt=\"\" src=\"https://plusinstant.com/image/data/design/icon-ok.png\" /></td>\r\n		</tr>\r\n		<tr>\r\n			<td>FTP and HTTP uploads</td>\r\n			<td><img alt=\"\" src=\"https://plusinstant.com/image/data/design/icon-cross.png\" /></td>\r\n			<td><img alt=\"\" src=\"https://plusinstant.com/image/data/design/icon-ok.png\" /></td>\r\n		</tr>\r\n		<tr>\r\n			<td>Files cloud-stored for</td>\r\n			<td>30 Days</td>\r\n			<td>90 Days</td>\r\n		</tr>\r\n		<tr>\r\n			<td>Resumable downloads</td>\r\n			<td><img alt=\"\" src=\"https://plusinstant.com/image/data/design/icon-cross.png\" /></td>\r\n			<td><img alt=\"\" src=\"https://plusinstant.com/image/data/design/icon-ok.png\" /></td>\r\n		</tr>\r\n		<tr>\r\n			<td>Max file size</td>\r\n			<td>500 Mb</td>\r\n			<td>5 GB</td>\r\n		</tr>\r\n		<tr>\r\n			<td>Simultaneous downloads</td>\r\n			<td><img alt=\"\" src=\"https://plusinstant.com/image/data/design/icon-cross.png\" /></td>\r\n			<td><img alt=\"\" src=\"https://plusinstant.com/image/data/design/icon-ok.png\" /></td>\r\n		</tr>\r\n	</tbody>\r\n</table>\r\n','2016-11-27 11:48:05','2016-11-27 11:48:05'),(19,5,'Fileboom Premium 365 Days','Fileboom365','106.95','<h2>Fileboom Premium 365 Days</h2>\r\n\r\n<p><strong>Official Website:&nbsp;<a href=\"http://fileboom.me/\">http://fileboom.me</a></strong></p>\r\n\r\n<p><strong>Contact:&nbsp;<a href=\"http://help.fileboom.me/\">http://help.fileboom.me</a></strong></p>\r\n\r\n<table>\r\n	<tbody>\r\n		<tr>\r\n			<td>FileBoom features</td>\r\n			<td>Free</td>\r\n			<td>Premium</td>\r\n		</tr>\r\n		<tr>\r\n			<td>Download speed</td>\r\n			<td>Very slow</td>\r\n			<td>Maximum</td>\r\n		</tr>\r\n		<tr>\r\n			<td>Instant start</td>\r\n			<td>30 seconds</td>\r\n			<td>0 seconds</td>\r\n		</tr>\r\n		<tr>\r\n			<td>Download accelerators</td>\r\n			<td><img alt=\"\" src=\"https://plusinstant.com/image/data/design/icon-cross.png\" /></td>\r\n			<td><img alt=\"\" src=\"https://plusinstant.com/image/data/design/icon-ok.png\" /></td>\r\n		</tr>\r\n		<tr>\r\n			<td>FTP and HTTP uploads</td>\r\n			<td><img alt=\"\" src=\"https://plusinstant.com/image/data/design/icon-cross.png\" /></td>\r\n			<td><img alt=\"\" src=\"https://plusinstant.com/image/data/design/icon-ok.png\" /></td>\r\n		</tr>\r\n		<tr>\r\n			<td>Files cloud-stored for</td>\r\n			<td>30 Days</td>\r\n			<td>90 Days</td>\r\n		</tr>\r\n		<tr>\r\n			<td>Resumable downloads</td>\r\n			<td><img alt=\"\" src=\"https://plusinstant.com/image/data/design/icon-cross.png\" /></td>\r\n			<td><img alt=\"\" src=\"https://plusinstant.com/image/data/design/icon-ok.png\" /></td>\r\n		</tr>\r\n		<tr>\r\n			<td>Max file size</td>\r\n			<td>500 Mb</td>\r\n			<td>5 GB</td>\r\n		</tr>\r\n		<tr>\r\n			<td>Simultaneous downloads</td>\r\n			<td><img alt=\"\" src=\"https://plusinstant.com/image/data/design/icon-cross.png\" /></td>\r\n			<td><img alt=\"\" src=\"https://plusinstant.com/image/data/design/icon-ok.png\" /></td>\r\n		</tr>\r\n	</tbody>\r\n</table>\r\n',1,'fileboom-premium-365-days','Fileboom Premium 365 Days','<h2>Fileboom Premium 365 Days</h2>\r\n\r\n<p><strong>Official Website:&nbsp;<a href=\"http://fileboom.me/\">http://fileboom.me</a></strong></p>\r\n\r\n<p><strong>Contact:&nbsp;<a href=\"http://help.fileboom.me/\">http://help.fileboom.me</a></strong></p>\r\n\r\n<table>\r\n	<tbody>\r\n		<tr>\r\n			<td>FileBoom features</td>\r\n			<td>Free</td>\r\n			<td>Premium</td>\r\n		</tr>\r\n		<tr>\r\n			<td>Download speed</td>\r\n			<td>Very slow</td>\r\n			<td>Maximum</td>\r\n		</tr>\r\n		<tr>\r\n			<td>Instant start</td>\r\n			<td>30 seconds</td>\r\n			<td>0 seconds</td>\r\n		</tr>\r\n		<tr>\r\n			<td>Download accelerators</td>\r\n			<td><img alt=\"\" src=\"https://plusinstant.com/image/data/design/icon-cross.png\" /></td>\r\n			<td><img alt=\"\" src=\"https://plusinstant.com/image/data/design/icon-ok.png\" /></td>\r\n		</tr>\r\n		<tr>\r\n			<td>FTP and HTTP uploads</td>\r\n			<td><img alt=\"\" src=\"https://plusinstant.com/image/data/design/icon-cross.png\" /></td>\r\n			<td><img alt=\"\" src=\"https://plusinstant.com/image/data/design/icon-ok.png\" /></td>\r\n		</tr>\r\n		<tr>\r\n			<td>Files cloud-stored for</td>\r\n			<td>30 Days</td>\r\n			<td>90 Days</td>\r\n		</tr>\r\n		<tr>\r\n			<td>Resumable downloads</td>\r\n			<td><img alt=\"\" src=\"https://plusinstant.com/image/data/design/icon-cross.png\" /></td>\r\n			<td><img alt=\"\" src=\"https://plusinstant.com/image/data/design/icon-ok.png\" /></td>\r\n		</tr>\r\n		<tr>\r\n			<td>Max file size</td>\r\n			<td>500 Mb</td>\r\n			<td>5 GB</td>\r\n		</tr>\r\n		<tr>\r\n			<td>Simultaneous downloads</td>\r\n			<td><img alt=\"\" src=\"https://plusinstant.com/image/data/design/icon-cross.png\" /></td>\r\n			<td><img alt=\"\" src=\"https://plusinstant.com/image/data/design/icon-ok.png\" /></td>\r\n		</tr>\r\n	</tbody>\r\n</table>\r\n','2016-11-27 11:48:52','2016-11-27 11:48:52'),(20,5,'Fileboom Premium Life Time','FileboomLT','146.95','<h2>Fileboom Premium Life Time</h2>\r\n\r\n<p><strong>Official Website:&nbsp;<a href=\"http://fileboom.me/\">http://fileboom.me</a></strong></p>\r\n\r\n<p><strong>Contact:&nbsp;<a href=\"http://help.fileboom.me/\">http://help.fileboom.me</a></strong></p>\r\n\r\n<table>\r\n	<tbody>\r\n		<tr>\r\n			<td>FileBoom features</td>\r\n			<td>Free</td>\r\n			<td>Premium</td>\r\n		</tr>\r\n		<tr>\r\n			<td>Download speed</td>\r\n			<td>Very slow</td>\r\n			<td>Maximum</td>\r\n		</tr>\r\n		<tr>\r\n			<td>Instant start</td>\r\n			<td>30 seconds</td>\r\n			<td>0 seconds</td>\r\n		</tr>\r\n		<tr>\r\n			<td>Download accelerators</td>\r\n			<td><img alt=\"\" src=\"https://plusinstant.com/image/data/design/icon-cross.png\" /></td>\r\n			<td><img alt=\"\" src=\"https://plusinstant.com/image/data/design/icon-ok.png\" /></td>\r\n		</tr>\r\n		<tr>\r\n			<td>FTP and HTTP uploads</td>\r\n			<td><img alt=\"\" src=\"https://plusinstant.com/image/data/design/icon-cross.png\" /></td>\r\n			<td><img alt=\"\" src=\"https://plusinstant.com/image/data/design/icon-ok.png\" /></td>\r\n		</tr>\r\n		<tr>\r\n			<td>Files cloud-stored for</td>\r\n			<td>30 Days</td>\r\n			<td>90 Days</td>\r\n		</tr>\r\n		<tr>\r\n			<td>Resumable downloads</td>\r\n			<td><img alt=\"\" src=\"https://plusinstant.com/image/data/design/icon-cross.png\" /></td>\r\n			<td><img alt=\"\" src=\"https://plusinstant.com/image/data/design/icon-ok.png\" /></td>\r\n		</tr>\r\n		<tr>\r\n			<td>Max file size</td>\r\n			<td>500 Mb</td>\r\n			<td>5 GB</td>\r\n		</tr>\r\n		<tr>\r\n			<td>Simultaneous downloads</td>\r\n			<td><img alt=\"\" src=\"https://plusinstant.com/image/data/design/icon-cross.png\" /></td>\r\n			<td><img alt=\"\" src=\"https://plusinstant.com/image/data/design/icon-ok.png\" /></td>\r\n		</tr>\r\n	</tbody>\r\n</table>\r\n',1,'fileboom-premium-life-time','Fileboom Premium Life Time','<h2>Fileboom Premium Life Time</h2>\r\n\r\n<p><strong>Official Website:&nbsp;<a href=\"http://fileboom.me/\">http://fileboom.me</a></strong></p>\r\n\r\n<p><strong>Contact:&nbsp;<a href=\"http://help.fileboom.me/\">http://help.fileboom.me</a></strong></p>\r\n\r\n<table>\r\n	<tbody>\r\n		<tr>\r\n			<td>FileBoom features</td>\r\n			<td>Free</td>\r\n			<td>Premium</td>\r\n		</tr>\r\n		<tr>\r\n			<td>Download speed</td>\r\n			<td>Very slow</td>\r\n			<td>Maximum</td>\r\n		</tr>\r\n		<tr>\r\n			<td>Instant start</td>\r\n			<td>30 seconds</td>\r\n			<td>0 seconds</td>\r\n		</tr>\r\n		<tr>\r\n			<td>Download accelerators</td>\r\n			<td><img alt=\"\" src=\"https://plusinstant.com/image/data/design/icon-cross.png\" /></td>\r\n			<td><img alt=\"\" src=\"https://plusinstant.com/image/data/design/icon-ok.png\" /></td>\r\n		</tr>\r\n		<tr>\r\n			<td>FTP and HTTP uploads</td>\r\n			<td><img alt=\"\" src=\"https://plusinstant.com/image/data/design/icon-cross.png\" /></td>\r\n			<td><img alt=\"\" src=\"https://plusinstant.com/image/data/design/icon-ok.png\" /></td>\r\n		</tr>\r\n		<tr>\r\n			<td>Files cloud-stored for</td>\r\n			<td>30 Days</td>\r\n			<td>90 Days</td>\r\n		</tr>\r\n		<tr>\r\n			<td>Resumable downloads</td>\r\n			<td><img alt=\"\" src=\"https://plusinstant.com/image/data/design/icon-cross.png\" /></td>\r\n			<td><img alt=\"\" src=\"https://plusinstant.com/image/data/design/icon-ok.png\" /></td>\r\n		</tr>\r\n		<tr>\r\n			<td>Max file size</td>\r\n			<td>500 Mb</td>\r\n			<td>5 GB</td>\r\n		</tr>\r\n		<tr>\r\n			<td>Simultaneous downloads</td>\r\n			<td><img alt=\"\" src=\"https://plusinstant.com/image/data/design/icon-cross.png\" /></td>\r\n			<td><img alt=\"\" src=\"https://plusinstant.com/image/data/design/icon-ok.png\" /></td>\r\n		</tr>\r\n	</tbody>\r\n</table>\r\n','2016-11-27 11:50:20','2016-11-27 11:50:20'),(21,6,'RapidGator Premium 30 days','RapidGator30','16.90','<p>RapidGator Premium 30 days</p>\r\n',1,'rapidgator-premium-30-days','RapidGator Premium 30 days','<p>RapidGator Premium 30 days</p>\r\n','2016-12-13 16:30:55','2016-12-13 16:30:55'),(22,6,'RapidGator Premium 60 days','RapidGator60','33.90','<p>RapidGator Premium 60 days</p>\r\n',1,'rapidgator-premium-60-days','RapidGator Premium 60 days','<p>RapidGator Premium 60 days</p>\r\n','2016-12-13 16:31:30','2016-12-13 16:31:30'),(23,6,'RapidGator Premium 90 days','RapidGator90','43.90','<p>RapidGator Premium 90 days</p>\r\n',1,'rapidgator-premium-90-days','RapidGator Premium 90 days','<p>RapidGator Premium 90 days</p>\r\n','2016-12-13 16:32:01','2016-12-13 16:32:01'),(24,6,'RapidGator Premium 180 days','RapidGator180','56.90','<p>RapidGator Premium 180 days</p>\r\n',1,'rapidgator-premium-180-days','RapidGator Premium 180 days','<p>RapidGator Premium 180 days</p>\r\n','2016-12-13 16:32:32','2016-12-13 16:32:32'),(25,6,'RapidGator Premium 365 days','RapidGator365','109.90','<p>RapidGator Premium 365 days</p>\r\n',1,'rapidgator-premium-365-days','RapidGator Premium 365 days','<p>RapidGator Premium 365 days</p>\r\n','2016-12-13 16:33:14','2016-12-13 16:33:14'),(26,7,'Publish2 Premium 30 Days','Publish2-30','15.25','<p>Publish2 Premium 30 Days</p>\r\n',1,'publish2-premium-30-days','Publish2 Premium 30 Days','<p>Publish2 Premium 30 Days</p>\r\n','2016-12-13 16:35:02','2016-12-13 16:35:02'),(27,7,'Publish2 Premium 90 Days','Publish2-90','38.25','<p>Publish2 Premium 90 Days</p>\r\n',1,'publish2-premium-90-days','Publish2 Premium 90 Days','<p>Publish2 Premium 90 Days</p>\r\n','2016-12-13 16:35:33','2016-12-13 16:35:33'),(28,7,'Publish2 Premium 365 Days','Publish2-365','105.25','<p>Publish2 Premium 365 Days</p>\r\n',1,'publish2-premium-365-days','Publish2 Premium 365 Days','<p>Publish2 Premium 365 Days</p>\r\n','2016-12-13 16:36:08','2016-12-13 16:36:08'),(29,7,'Publish2 Premium Lifetime','Publish2-LT','148.25','<p>Publish2 Premium Lifetime</p>\r\n',1,'publish2-premium-lifetime','Publish2 Premium Lifetime','<p>Publish2 Premium Lifetime</p>\r\n','2016-12-13 16:36:49','2016-12-13 16:36:49'),(30,8,'1fichier Premium 365 days','1fichier-365','8.90','<p>1fichier Premium 365 days</p>\r\n',1,'1fichier-premium-365-days','1fichier Premium 365 days','<p>1fichier Premium 365 days</p>\r\n','2016-12-13 16:41:16','2016-12-13 16:41:16'),(31,9,'FileJoker Premium 30 days','FileJoker-30','13.90','<p>FileJoker Premium 30 days</p>\r\n',1,'filejoker-premium-30-days','FileJoker Premium 30 days','<p>FileJoker Premium 30 days</p>\r\n','2016-12-13 16:43:37','2016-12-13 16:43:37'),(32,9,'FileJoker Premium 180 days','FileJoker-180','52.95','<p>FileJoker Premium 180 days</p>\r\n',1,'filejoker-premium-180-days','FileJoker Premium 180 days','<p>FileJoker Premium 180 days</p>\r\n','2016-12-13 16:44:20','2016-12-13 16:44:20'),(33,9,'FileJoker Premium 365 days','FileJoker-365','82.95','<p>FileJoker Premium 365 days</p>\r\n',1,'filejoker-premium-365-days','FileJoker Premium 365 days','<p>FileJoker Premium 365 days</p>\r\n','2016-12-13 16:45:10','2016-12-13 16:45:10'),(34,9,'FileJoker Premium 90 days','FileJoker-90','32.95','<p>FileJoker Premium 90 days</p>\r\n',1,'filejoker-premium-90-days','FileJoker Premium 90 days','<p>FileJoker Premium 90 days</p>\r\n','2016-12-13 16:45:55','2016-12-13 16:45:55'),(35,10,'Novafile Premium 30 days','Novafile-30','12.95','<p>Novafile Premium 30 days</p>\r\n',1,'novafile-premium-30-days','Novafile Premium 30 days','<p>Novafile Premium 30 days</p>\r\n','2016-12-13 17:07:36','2016-12-13 17:07:36'),(36,10,'Novafile Premium 90 days','Novafile-90','29.95','<p>Novafile Premium 90 days</p>\r\n',1,'novafile-premium-90-days','Novafile Premium 90 days','<p>Novafile Premium 90 days</p>\r\n','2016-12-13 17:08:07','2016-12-13 17:08:07'),(37,10,'Novafile Premium 365 days','Novafile-365','89.95','<p>Novafile Premium 365 days</p>\r\n',1,'novafile-premium-365-days','Novafile Premium 365 days','<p>Novafile Premium 365 days</p>\r\n','2016-12-13 17:08:54','2016-12-13 17:08:54'),(38,11,'Depositfiles GOLD-Member 14 days','Depositfiles-14','9.99','<p>Depositfiles GOLD-Member 14 days</p>\r\n',1,'depositfiles-gold-member-14-days','Depositfiles GOLD-Member 14 days','<p>Depositfiles GOLD-Member 14 days</p>\r\n','2016-12-13 17:11:06','2016-12-13 17:11:06'),(39,11,'Depositfiles GOLD-Member 30 days','Depositfiles-30','14.99','<p>Depositfiles GOLD-Member 30 days</p>\r\n',1,'depositfiles-gold-member-30-days','Depositfiles GOLD-Member 30 days','<p>Depositfiles GOLD-Member 30 days</p>\r\n','2016-12-13 17:11:43','2016-12-13 17:11:43'),(40,11,'Depositfiles GOLD-Member 60 days','Depositfiles-60','23.99','<p>Depositfiles GOLD-Member 60 days</p>\r\n',1,'depositfiles-gold-member-60-days','Depositfiles GOLD-Member 60 days','<p>Depositfiles GOLD-Member 60 days</p>\r\n','2016-12-13 17:12:33','2016-12-13 17:12:33'),(41,11,'Depositfiles GOLD-Member 180 days','Depositfiles-180','51.99','<p>Depositfiles GOLD-Member 180 days</p>\r\n',1,'depositfiles-gold-member-180-days','Depositfiles GOLD-Member 180 days','<p>Depositfiles GOLD-Member 180 days</p>\r\n','2016-12-13 17:13:15','2016-12-13 17:13:15'),(42,11,'Depositfiles GOLD-Member 365 days','Depositfiles-365','96.99','<p>Depositfiles GOLD-Member 365 days</p>\r\n',1,'depositfiles-gold-member-365-days','Depositfiles GOLD-Member 365 days','<p>Depositfiles GOLD-Member 365 days</p>\r\n','2016-12-13 17:14:07','2016-12-13 17:14:07'),(43,12,'EasyBytez Premium 2 days','EasyBytez-02','3.90','<p>EasyBytez Premium 2 days</p>\r\n',1,'easybytez-premium-2-days','EasyBytez Premium 2 days','<p>EasyBytez Premium 2 days</p>\r\n','2016-12-13 17:17:14','2016-12-13 17:17:14'),(44,12,'EasyBytez Premium 30 days','EasyBytez-30','8.90','<p>EasyBytez Premium 30 days</p>\r\n',1,'easybytez-premium-30-days','EasyBytez Premium 30 days','<p>EasyBytez Premium 30 days</p>\r\n','2016-12-13 17:17:46','2016-12-13 17:17:46'),(45,12,'EasyBytez Premium 50 days','EasyBytez-50','11.90','<p>EasyBytez Premium 50 days</p>\r\n',1,'easybytez-premium-50-days','EasyBytez Premium 50 days','<p>EasyBytez Premium 50 days</p>\r\n','2016-12-13 17:18:19','2016-12-13 17:18:19'),(46,12,'EasyBytez Premium 60 days','EasyBytez-60','14.90','<p>EasyBytez Premium 60 days</p>\r\n',1,'easybytez-premium-60-days','EasyBytez Premium 60 days','<p>EasyBytez Premium 60 days</p>\r\n','2016-12-13 17:18:51','2016-12-13 17:18:51'),(47,12,'EasyBytez Premium 90 days','EasyBytez-90','18.90','<p>EasyBytez Premium 90 days</p>\r\n',1,'easybytez-premium-90-days','EasyBytez Premium 90 days','<p>EasyBytez Premium 90 days</p>\r\n','2016-12-13 17:19:25','2016-12-13 17:19:25'),(48,12,'EasyBytez Premium 120 days','EasyBytez-120','24.90','<p>EasyBytez Premium 120 days</p>\r\n',1,'easybytez-premium-120-days','EasyBytez Premium 120 days','<p>EasyBytez Premium 120 days</p>\r\n','2016-12-13 17:20:04','2016-12-13 17:20:04'),(49,12,'EasyBytez Premium 180 days','EasyBytez-180','30.90','<p>EasyBytez Premium 180 days</p>\r\n',1,'easybytez-premium-180-days','EasyBytez Premium 180 days','<p>EasyBytez Premium 180 days</p>\r\n','2016-12-13 17:21:08','2016-12-13 17:21:08'),(50,12,'EasyBytez Premium 365 days','EasyBytez-365','64.90','<p>EasyBytez Premium 365 days</p>\r\n',1,'easybytez-premium-365-days','EasyBytez Premium 365 days','<p>EasyBytez Premium 365 days</p>\r\n','2016-12-13 17:21:49','2016-12-13 17:21:49');

/*Table structure for table `articles_type_key` */

DROP TABLE IF EXISTS `articles_type_key`;

CREATE TABLE `articles_type_key` (
  `id` int(11) NOT NULL AUTO_INCREMENT,
  `articles_type_id` int(11) DEFAULT NULL,
  `key` varchar(255) COLLATE utf8_unicode_ci DEFAULT NULL,
  `user_orders_detail_id` int(11) DEFAULT '-1' COMMENT 'sent cho orders nào',
  `user_id` int(11) DEFAULT NULL,
  `status` enum('active','sent') COLLATE utf8_unicode_ci DEFAULT 'active',
  `date_sent` datetime DEFAULT NULL,
  `created_at` datetime DEFAULT NULL,
  `updated_at` datetime DEFAULT NULL,
  PRIMARY KEY (`id`)
) ENGINE=InnoDB AUTO_INCREMENT=16 DEFAULT CHARSET=utf8 COLLATE=utf8_unicode_ci;

/*Data for the table `articles_type_key` */

insert  into `articles_type_key`(`id`,`articles_type_id`,`key`,`user_orders_detail_id`,`user_id`,`status`,`date_sent`,`created_at`,`updated_at`) values (1,1,'aaaaaaaaaaaaaaaaaaaa',-1,NULL,'active',NULL,'2017-05-24 17:05:00','2017-05-24 17:05:00'),(2,1,'bbbbbbbbbbbbbbbbb',-1,NULL,'active',NULL,'2017-05-24 17:05:00','2017-05-24 17:05:00'),(3,1,'ccccccccccccccccccccccc',-1,NULL,'active',NULL,'2017-05-24 17:05:00','2017-05-24 17:05:00'),(4,1,'dddddddddddddddd',-1,NULL,'active',NULL,'2017-05-24 17:05:00','2017-05-24 17:05:00'),(5,12,'gdasgasgsdgsadgsadgdsddsdagdsgsggdss',12,NULL,'sent',NULL,'2017-05-27 09:49:51','2017-06-03 09:00:02'),(6,12,'aaaaaaaaaaaaaaaaaaaaaaaaaaaa',12,NULL,'sent',NULL,'2017-06-03 03:31:12','2017-06-03 09:30:02'),(7,13,'AAAAAAAAAAAAAGGGGCCCĐSSS',13,NULL,'sent',NULL,'2017-06-03 08:15:33','2017-06-03 08:33:13'),(8,13,'ggsgsaetwhuyiuykbnxvbcbsdtrehvh',13,NULL,'sent',NULL,'2017-06-03 08:41:35','2017-06-03 09:00:02'),(9,13,'rythvbnscbcvhjnbmjktyumbvfghfgnvndh',13,NULL,'sent',NULL,'2017-06-03 08:41:53','2017-06-03 09:00:02'),(10,3,'tegagasdweqtregasfsdbgstewgsdagdsgashsdagds',3,NULL,'sent',NULL,'2017-06-03 09:16:20','2017-06-03 09:17:43'),(11,3,'utwgsagsgádgastewgsdagsdgegsagdsa',3,NULL,'sent',NULL,'2017-06-03 09:17:38','2017-06-03 09:17:43'),(12,12,'aaaaaaaaaaaaaaaaaaaaaaaaa',12,NULL,'sent',NULL,'2017-06-03 09:33:23','2017-06-03 09:35:11'),(13,18,'aaaaaaaaaaaaaaaaa',18,NULL,'sent',NULL,'2017-06-03 09:33:29','2017-06-03 09:35:11'),(14,2,'aaaaaaa',2,NULL,'sent',NULL,'2017-06-03 09:43:17','2017-06-03 10:25:14'),(15,12,'aaaaaaaa',12,NULL,'sent',NULL,'2017-06-03 09:43:22','2017-06-03 10:25:14');

/*Table structure for table `category` */

DROP TABLE IF EXISTS `category`;

CREATE TABLE `category` (
  `id` int(11) NOT NULL AUTO_INCREMENT,
  `name` varchar(200) DEFAULT NULL,
  `description` varchar(500) DEFAULT NULL,
  `seo_title` varchar(200) DEFAULT NULL,
  `seo_description` varchar(500) DEFAULT NULL,
  `created_at` datetime DEFAULT NULL,
  `updated_at` datetime DEFAULT NULL,
  `path_url` varchar(200) DEFAULT NULL,
  PRIMARY KEY (`id`)
) ENGINE=InnoDB AUTO_INCREMENT=6 DEFAULT CHARSET=utf8;

/*Data for the table `category` */

insert  into `category`(`id`,`name`,`description`,`seo_title`,`seo_description`,`created_at`,`updated_at`,`path_url`) values (3,'tong cong tien','tong cong tien ','tong cong tien','tong cong tien ',NULL,NULL,'tong-cong-tien'),(4,'cate 1',' cate 1','cate 1',' cate 1',NULL,NULL,'cate-1'),(5,'test','test ','test','test ',NULL,NULL,'test');

/*Table structure for table `gift_code` */

DROP TABLE IF EXISTS `gift_code`;

CREATE TABLE `gift_code` (
  `id` int(11) NOT NULL AUTO_INCREMENT,
  `code` varchar(45) DEFAULT NULL,
  `user_id` int(11) DEFAULT NULL,
  `status` int(11) DEFAULT '0' COMMENT '0: Chưa sử dụng\n1: Đã sử dụng',
  `articles_id` int(11) NOT NULL,
  `articles_type_id` int(11) NOT NULL,
  `payments_type_id` int(11) NOT NULL,
  PRIMARY KEY (`id`,`articles_id`,`articles_type_id`,`payments_type_id`),
  KEY `fk_gift_code_payments_type1_idx` (`payments_type_id`),
  KEY `fk_gift_code_articles_type1_idx` (`articles_type_id`,`articles_id`),
  CONSTRAINT `fk_gift_code_articles_type1` FOREIGN KEY (`articles_type_id`, `articles_id`) REFERENCES `articles_type` (`id`, `articles_id`) ON DELETE NO ACTION ON UPDATE NO ACTION,
  CONSTRAINT `fk_gift_code_payments_type1` FOREIGN KEY (`payments_type_id`) REFERENCES `payments_type` (`id`) ON DELETE NO ACTION ON UPDATE NO ACTION
) ENGINE=InnoDB DEFAULT CHARSET=utf8;

/*Data for the table `gift_code` */

/*Table structure for table `information` */

DROP TABLE IF EXISTS `information`;

CREATE TABLE `information` (
  `id` int(11) NOT NULL AUTO_INCREMENT,
  `title` varchar(200) COLLATE utf8_unicode_ci DEFAULT NULL,
  `url_title` varchar(200) COLLATE utf8_unicode_ci DEFAULT NULL,
  `description` text COLLATE utf8_unicode_ci,
  `type` enum('delivery_information','privacy_policy','cancellations_returns','sercurity_information','terms_condition','about_us') COLLATE utf8_unicode_ci DEFAULT NULL,
  `meta_tag_title` text COLLATE utf8_unicode_ci,
  `meta_tag_description` text COLLATE utf8_unicode_ci,
  `meta_tag_keyword` text COLLATE utf8_unicode_ci,
  `created_at` datetime DEFAULT NULL,
  `updated_at` datetime DEFAULT NULL,
  PRIMARY KEY (`id`)
) ENGINE=InnoDB AUTO_INCREMENT=7 DEFAULT CHARSET=utf8 COLLATE=utf8_unicode_ci;

/*Data for the table `information` */

insert  into `information`(`id`,`title`,`url_title`,`description`,`type`,`meta_tag_title`,`meta_tag_description`,`meta_tag_keyword`,`created_at`,`updated_at`) values (1,'Delivery Information','delivery-information','<h3><strong>&nbsp; &nbsp; &nbsp; &nbsp; &nbsp;DELIVERY</strong></h3>\r\n\r\n<p>&nbsp;&nbsp;&nbsp; &nbsp; &nbsp;&nbsp; Activation / Premium key sent via your email.</p>\r\n\r\n<p>&nbsp;&nbsp;&nbsp;&nbsp;&nbsp;&nbsp;&nbsp; The processing lead-time of your order depends on the means of payment you have chosen.&nbsp;Usually it does not exceed 5 minutes for on-line payments during opening time, maximum 2 hours except payment via Paypal method&nbsp;(Note: Our working time:&nbsp;8h00 - 22h00 GMT+7)</p>\r\n\r\n<p>&nbsp;&nbsp;&nbsp;&nbsp;&nbsp;&nbsp;&nbsp;&nbsp;&nbsp;<strong>&nbsp;If you make the payment via Paypal -&nbsp; It may take up to 12 hours to receive your premium key</strong>.</p>\r\n\r\n<p>&nbsp;&nbsp;&nbsp;&nbsp;&nbsp;&nbsp;&nbsp; Delivery of our services will be confirmed on your mail ID as specified during registration. For any issues in utilizing our services you may contact our helpdeskIts the customers responsibility to provide a valid and correct email ID as the product will be delivered to it. The customer needs to confirm that our emails do not end up in JUNK folder of your email.A copy of the product will be stored in your account with FilesharingPremium.com just login into your account to view it.If you do not receive any product details from us with in 48 hours then please contact us.</p>\r\n\r\n<p><strong>&nbsp;&nbsp;&nbsp;&nbsp;&nbsp;&nbsp;&nbsp;&nbsp;Paypal Payment Method:</strong>&nbsp;If any disputes has been opened in Paypal will cause only a permanently ban for the user and, of course, shut down of all the keys and the products that are purchased from FileSharingPremium.com . The ban is permanently which prevents the user from buying any products in the future.&nbsp;<strong>We will contact Admin of Filehost to disable your account!</strong></p>\r\n\r\n<p><br />\r\n<strong>&nbsp;&nbsp;&nbsp;&nbsp;&nbsp;&nbsp;&nbsp;&nbsp;Manually Payment Methods:</strong>&nbsp;User have to&nbsp; fulfill the &ldquo;Order Notes&rdquo; field with the chosen Payment method information. Example: Payza Email, Webmoney purse number, Moneybookers Email, Vodafone number etc&hellip;</p>\r\n','delivery_information','BuyPremiumKey Delivery Information','BuyPremiumKey Delivery Information\r\n','BuyPremiumKey Delivery Information\r\n',NULL,NULL),(2,'Privacy Policy','privacy-policy','<h1>PRIVACY POLICY</h1>\r\n\r\n<p>Please replace this text with you Privacy Policy. Please add any additional cookies your website uses below (e.g., Google Analytics)</p>\r\n\r\n<p>This privacy policy sets out how PremiumInstant.Com uses and protects any information that you give PremiumInstant.Com when you use this website. PremiumInstant.Com is committed to ensuring that your privacy is protected. Should we ask you to provide certain information by which you can be identified when using this website, then you can be assured that it will only be used in accordance with this privacy statement. PremiumInstant.Com may change this policy from time to time by updating this page. You should check this page from time to time to ensure that you are happy with any changes.</p>\r\n\r\n<h2>What we collect</h2>\r\n\r\n<p>We may collect the following information:</p>\r\n\r\n<ul>\r\n	<li>name</li>\r\n	<li>contact information including email address</li>\r\n	<li>demographic information such as postcode, preferences and interests</li>\r\n	<li>other information relevant to customer surveys and/or offers</li>\r\n</ul>\r\n\r\n<p>For the exhaustive list of cookies we collect see the&nbsp;<a href=\"https://premiuminstant.com/privacy-policy-cookie-restriction-mode.html#list\">List of cookies we collect</a>&nbsp;section.</p>\r\n\r\n<h2>What we do with the information we gather</h2>\r\n\r\n<p>We require this information to understand your needs and provide you with a better service, and in particular for the following reasons:</p>\r\n\r\n<ul>\r\n	<li>Internal record keeping.</li>\r\n	<li>We may use the information to improve our products and services.</li>\r\n	<li>We may periodically send promotional emails about new products, special offers or other information which we think you may find interesting using the email address which you have provided.</li>\r\n	<li>From time to time, we may also use your information to contact you for market research purposes. We may contact you by email, phone, fax or mail. We may use the information to customise the website according to your interests.</li>\r\n</ul>\r\n\r\n<h2>Security</h2>\r\n\r\n<p>We are committed to ensuring that your information is secure. In order to prevent unauthorised access or disclosure, we have put in place suitable physical, electronic and managerial procedures to safeguard and secure the information we collect online.</p>\r\n\r\n<h2>How we use cookies</h2>\r\n\r\n<p>A cookie is a small file which asks permission to be placed on your computer&#39;s hard drive. Once you agree, the file is added and the cookie helps analyse web traffic or lets you know when you visit a particular site. Cookies allow web applications to respond to you as an individual. The web application can tailor its operations to your needs, likes and dislikes by gathering and remembering information about your preferences.</p>\r\n\r\n<p>We use traffic log cookies to identify which pages are being used. This helps us analyse data about web page traffic and improve our website in order to tailor it to customer needs. We only use this information for statistical analysis purposes and then the data is removed from the system.</p>\r\n\r\n<p>Overall, cookies help us provide you with a better website, by enabling us to monitor which pages you find useful and which you do not. A cookie in no way gives us access to your computer or any information about you, other than the data you choose to share with us. You can choose to accept or decline cookies. Most web browsers automatically accept cookies, but you can usually modify your browser setting to decline cookies if you prefer. This may prevent you from taking full advantage of the website.</p>\r\n\r\n<h2>Links to other websites</h2>\r\n\r\n<p>Our website may contain links to other websites of interest. However, once you have used these links to leave our site, you should note that we do not have any control over that other website. Therefore, we cannot be responsible for the protection and privacy of any information which you provide whilst visiting such sites and such sites are not governed by this privacy statement. You should exercise caution and look at the privacy statement applicable to the website in question.</p>\r\n\r\n<h2>Controlling your personal information</h2>\r\n\r\n<p>You may choose to restrict the collection or use of your personal information in the following ways:</p>\r\n\r\n<ul>\r\n	<li>whenever you are asked to fill in a form on the website, look for the box that you can click to indicate that you do not want the information to be used by anybody for direct marketing purposes</li>\r\n	<li>if you have previously agreed to us using your personal information for direct marketing purposes, you may change your mind at any time by writing to or emailing us at support@premiuminstant.com</li>\r\n</ul>\r\n\r\n<p>We will not sell, distribute or lease your personal information to third parties unless we have your permission or are required by law to do so. We may use your personal information to send you promotional information about third parties which we think you may find interesting if you tell us that you wish this to happen.</p>\r\n\r\n<p>You may request details of personal information which we hold about you under the Data Protection Act 1998. A small fee will be payable. If you would like a copy of the information held on you please write to P080608 - Times City - Ha Noi.</p>\r\n\r\n<p>If you believe that any information we are holding on you is incorrect or incomplete, please write to or email us as soon as possible, at the above address. We will promptly correct any information found to be incorrect.</p>\r\n\r\n<h2>List of cookies we collect</h2>\r\n\r\n<p>The table below lists the cookies we collect and what information they store.</p>\r\n\r\n<table>\r\n	<thead>\r\n		<tr>\r\n			<th>COOKIE name</th>\r\n			<th>COOKIE Description</th>\r\n		</tr>\r\n	</thead>\r\n	<tbody>\r\n		<tr>\r\n			<th>CART</th>\r\n			<td>The association with your shopping cart.</td>\r\n		</tr>\r\n		<tr>\r\n			<th>CATEGORY_INFO</th>\r\n			<td>Stores the category info on the page, that allows to display pages more quickly.</td>\r\n		</tr>\r\n		<tr>\r\n			<th>COMPARE</th>\r\n			<td>The items that you have in the Compare Products list.</td>\r\n		</tr>\r\n		<tr>\r\n			<th>CURRENCY</th>\r\n			<td>Your preferred currency</td>\r\n		</tr>\r\n		<tr>\r\n			<th>CUSTOMER</th>\r\n			<td>An encrypted version of your customer id with the store.</td>\r\n		</tr>\r\n		<tr>\r\n			<th>CUSTOMER_AUTH</th>\r\n			<td>An indicator if you are currently logged into the store.</td>\r\n		</tr>\r\n		<tr>\r\n			<th>CUSTOMER_INFO</th>\r\n			<td>An encrypted version of the customer group you belong to.</td>\r\n		</tr>\r\n		<tr>\r\n			<th>CUSTOMER_SEGMENT_IDS</th>\r\n			<td>Stores the Customer Segment ID</td>\r\n		</tr>\r\n		<tr>\r\n			<th>EXTERNAL_NO_CACHE</th>\r\n			<td>A flag, which indicates whether caching is disabled or not.</td>\r\n		</tr>\r\n		<tr>\r\n			<th>FRONTEND</th>\r\n			<td>You sesssion ID on the server.</td>\r\n		</tr>\r\n		<tr>\r\n			<th>GUEST-VIEW</th>\r\n			<td>Allows guests to edit their orders.</td>\r\n		</tr>\r\n		<tr>\r\n			<th>LAST_CATEGORY</th>\r\n			<td>The last category you visited.</td>\r\n		</tr>\r\n		<tr>\r\n			<th>LAST_PRODUCT</th>\r\n			<td>The most recent product you have viewed.</td>\r\n		</tr>\r\n		<tr>\r\n			<th>NEWMESSAGE</th>\r\n			<td>Indicates whether a new message has been received.</td>\r\n		</tr>\r\n		<tr>\r\n			<th>NO_CACHE</th>\r\n			<td>Indicates whether it is allowed to use cache.</td>\r\n		</tr>\r\n		<tr>\r\n			<th>PERSISTENT_SHOPPING_CART</th>\r\n			<td>A link to information about your cart and viewing history if you have asked the site.</td>\r\n		</tr>\r\n		<tr>\r\n			<th>POLL</th>\r\n			<td>The ID of any polls you have recently voted in.</td>\r\n		</tr>\r\n		<tr>\r\n			<th>POLLN</th>\r\n			<td>Information on what polls you have voted on.</td>\r\n		</tr>\r\n		<tr>\r\n			<th>RECENTLYCOMPARED</th>\r\n			<td>The items that you have recently compared.</td>\r\n		</tr>\r\n		<tr>\r\n			<th>STF</th>\r\n			<td>Information on products you have emailed to friends.</td>\r\n		</tr>\r\n		<tr>\r\n			<th>STORE</th>\r\n			<td>The store view or language you have selected.</td>\r\n		</tr>\r\n		<tr>\r\n			<th>USER_ALLOWED_SAVE_COOKIE</th>\r\n			<td>Indicates whether a customer allowed to use cookies.</td>\r\n		</tr>\r\n		<tr>\r\n			<th>VIEWED_PRODUCT_IDS</th>\r\n			<td>The products that you have recently viewed.</td>\r\n		</tr>\r\n		<tr>\r\n			<th>WISHLIST</th>\r\n			<td>An encrypted list of products added to your Wishlist.</td>\r\n		</tr>\r\n		<tr>\r\n			<th>WISHLIST_CNT</th>\r\n			<td>The number of items in your Wishlist.</td>\r\n		</tr>\r\n	</tbody>\r\n</table>\r\n','privacy_policy','BuyPremiumKey Privacy Policy','BuyPremiumKey Privacy Policy','BuyPremiumKey Privacy Policy',NULL,NULL),(3,'Cancellations & Returns','cancellations-returns','<h1>REFUND &amp; CANCELLATION POLICY</h1>\r\n\r\n<p>&nbsp;&nbsp;&nbsp;&nbsp;&nbsp;&nbsp;&nbsp;&nbsp;We offer 100% guarantee. However, our products are subject to Terms and Conditions and we will offer a refund only if the service did not work.</p>\r\n\r\n<p>&nbsp;&nbsp;&nbsp;&nbsp;&nbsp;&nbsp; Our overall objective is safety and execution of obligations to clients. On the other hand we try to protect ourselves from casual the incidents connected with a piracy and swindle concerning the software.</p>\r\n\r\n<p>&nbsp;&nbsp;&nbsp;&nbsp;&nbsp;&nbsp; As we sell non-tangible irrevocable goods we do not issue refunds once the order is accomplished and the product is delivered. As a customer you are responsible for understanding this upon purchasing any item at our site.</p>\r\n\r\n<p>&nbsp;&nbsp;&nbsp;&nbsp;&nbsp;&nbsp;&nbsp; If the error occur we will try our best to solve the problem in 72 hours after this time if the problem can&#39;t be solved we will make the refund but the money will be deducted the payment fee It is dependent on the payment gateway fee, usually it is range from 1% to 3% product value.</p>\r\n\r\n<p>&nbsp;&nbsp;&nbsp;&nbsp;&nbsp;&nbsp;&nbsp; We do not take responsibility and no warranty if your account is banned, blocked because of broken the rules of File-hosting company.</p>\r\n\r\n<p>&nbsp;</p>\r\n\r\n<ul>\r\n	<li><strong>When refunding is possible:</strong></li>\r\n</ul>\r\n\r\n<p>&nbsp;&nbsp; - The duplicated orders. If system on what or, to the reasons has sold to you two identical premium keys instead of two different.&nbsp;</p>\r\n\r\n<p>&nbsp;&nbsp; - If sold system of the premium key has appeared not efficient.</p>\r\n\r\n<p>&nbsp;&nbsp; - Received a wrong voucher code, e.g. a wrong retention or wrong service. Of course we can give you another premium key code also</p>\r\n\r\n<p>&nbsp;&nbsp; - After you successfully complete payment, on any to the reasons could not give out or send you on indicating you an e-mail premium a premium key in a current of 7 days.</p>\r\n\r\n<ul>\r\n	<li><strong>When refunding is not possible:</strong></li>\r\n</ul>\r\n\r\n<p>&nbsp;&nbsp; - Ordered premium keys or accounts but do not need it anymore</p>\r\n\r\n<p>&nbsp;&nbsp; - Simultaneous purchase of several different premium keys. The scenario at which the user gets some keys, applies them, what most approaches its needs chooses, and, then tries to receive the refund for all other goods which do not approach it, is regarded as dishonest. The given actions harm to our business so we not begin to return the paid money or to resolve pretentious payments</p>\r\n\r\n<p>&nbsp;&nbsp; - We can not offer a refund if after the purchase, the user feels that the download is slow, the link is dead, or do not get the desired files to download ...</p>\r\n\r\n<p>&nbsp;&nbsp; - A refund will not be accepted if the company File-hosting is no longer active due to some technical issues, or closed according to law or other issues, or you cannot access the website.</p>\r\n\r\n<p>&nbsp;</p>\r\n\r\n<p>REFUND REQUESTS should be submitted to PremiumInstant by email at <ins>buypremiumkey.com@gmail.com</ins></p>\r\n','cancellations_returns','BuyPremiumKey Cancellations & Returns','BuyPremiumKey Cancellations & Returns','BuyPremiumKey Cancellations & Returns',NULL,NULL),(4,'Sercurity Information','sercurity-information','<h1>SECURITY INFORMATION</h1>\r\n\r\n<h3>&nbsp;</h3>\r\n\r\n<h3><strong>CREDIT CARD SECURITY</strong></h3>\r\n\r\n<p>&nbsp;&nbsp;&nbsp;&nbsp;&nbsp;&nbsp;&nbsp; We do not keep records of credit card details credit cards are processed by a third party secured payment gateway. (&nbsp;<a href=\"https://cybersource.com/\"><strong>Cybersource.com</strong></a>&nbsp;)</p>\r\n\r\n<p>&nbsp; &nbsp; &nbsp;&nbsp; Credit card details will be handled securely to ensure confidentiality and that 256 bit SSL encryption is employed to ensure sensitive data is protected during transmission over the internet</p>\r\n\r\n<p><strong>&nbsp;&nbsp;&nbsp;&nbsp;&nbsp;&nbsp; We also reserve the right to impose additional control of transactions which we consider to be suspicious. We can ask identity proof to verify the rightful owner of the credit card like Scanned copy (or photograph by a digital camera) of Driving License, Identification card, Last hardcopy of credit card statement, Passport etc. If asked for kindly provide one of the above as it is for the security of the card holder. (This is only one time process, the customer will not require to go through the identification process for the next transfers)</strong></p>\r\n\r\n<p>&nbsp;</p>\r\n\r\n<h3><strong>CONNECTION SECURITY</strong></h3>\r\n\r\n<p>&nbsp;&nbsp;&nbsp;&nbsp;&nbsp;&nbsp;&nbsp;&nbsp;&nbsp; YOUR CONNECTION TO THIS SITE IS ENCRYPTED AND SECURED BY 256BIT SSL FROM&nbsp;<strong>COMODO CA LIMITED</strong></p>\r\n\r\n<p>&nbsp;</p>\r\n\r\n<h3><strong>DISTRIBUTION OF INFORMATION</strong></h3>\r\n\r\n<p>&nbsp;&nbsp;&nbsp;&nbsp;&nbsp;&nbsp;&nbsp; We may share information with governmental agencies or other companies assisting us in fraud prevention or investigation. We may do so when: (1) permitted or required by law; or, (2) trying to protect against or prevent actual or potential fraud or unauthorized transactions; or, (3) investigating fraud which has already taken place. The information is not provided to these companies for marketing purposes.</p>\r\n','sercurity_information','BuyPremiumKey Sercurity Information','BuyPremiumKey Sercurity Information','BuyPremiumKey Sercurity Information',NULL,NULL),(5,'Terms & Condition','terms-condition','<h1>YOUR AGREEMENT TO THESE TERMS AND CONDITIONS OF SERVICE</h1>\r\n\r\n<p>&nbsp;&nbsp;&nbsp;&nbsp;&nbsp;&nbsp;&nbsp;&nbsp;Welcome to our website. If you continue to browse or purchasing and use this website you are agreeing to comply with and be bound by the following terms and conditions of use, which together with our privacy policy govern PremiumInstant.Com relationship with you in relation to this website.</p>\r\n\r\n<p>&nbsp;</p>\r\n\r\n<h3><strong>ABOUT PremiumInstant.COM</strong></h3>\r\n\r\n<p>&nbsp;&nbsp;&nbsp;&nbsp;&nbsp;&nbsp; PremiumInstant.com is a reseller of Premium access to file-sharing services.&nbsp;We don&rsquo;t sell content (files), but only sell services&nbsp;- Premium accounts for high speed access or other such premium benefits. It is strictly forbidden to download or upload any copyrighted content (movie , software, music , picture, ...) without prior approval of the copyright content owner. It&#39;s illegal to download or upload child pornography. It is strictly forbidden to download or upload any pornographic, erotic content on any storage solution that we represent. &#39;You&#39; agree that you will not misuse any of the file hosting / cloud storage / storage solutions that we resell via premium vouchers, keys, login id &amp; password&#39;s or direct upgrade in downloading, uploading or storing any type of copyrighted or porn content, if found you are sole responsible for the legal and financial consequences arising from it.</p>\r\n\r\n<p>&nbsp;&nbsp;&nbsp;&nbsp;&nbsp;&nbsp;&nbsp;&nbsp;&nbsp;&nbsp;&nbsp;&nbsp;&nbsp;&nbsp;&nbsp;&nbsp;</p>\r\n\r\n<h3><strong>SERVICE AVAILABILITY</strong></h3>\r\n\r\n<p>&nbsp;&nbsp;&nbsp;&nbsp;&nbsp;&nbsp;&nbsp; PremiumInstant.com strives to provide 24/7 service, it may however happen that due to break in connections or service maintenance, service to certain File-hosting are temporarily unavailable.</p>\r\n\r\n<p>&nbsp;</p>\r\n\r\n<h3><strong>USE OF SERVICE</strong></h3>\r\n\r\n<p>Subject to these conditions, you may use the Service to purchase a product ( Premium key / Premium account / Voucher / Code ) as follows:<br />\r\n<br />\r\n(i) Use and follow the step-by-step transaction process to initiate a product.<br />\r\n<br />\r\n(ii) After you confirm the order by making the payment and the transaction is successfully processed, the Recipient will be informed that transaction is successfully.</p>\r\n\r\n<p>(iii) You will receive&nbsp;product via email.</p>\r\n\r\n<p>&nbsp;</p>\r\n\r\n<h3><strong>DELIVERY</strong></h3>\r\n\r\n<p>&nbsp;&nbsp;&nbsp; &nbsp; &nbsp;&nbsp; Activation / Premium key sent via your email.</p>\r\n\r\n<p>&nbsp;&nbsp;&nbsp;&nbsp;&nbsp;&nbsp;&nbsp; The processing lead-time of your order depends on the means of payment you have chosen. Usually it does not exceed 30 minutes for on-line payments during opening time, maximum 3 hours ( *&nbsp;Note: Our working time:&nbsp;8h00 - 23h00 GMT+7&nbsp;)</p>\r\n\r\n<p>&nbsp;&nbsp;&nbsp;&nbsp;&nbsp; Delivery of our services will be confirmed on your mail ID as specified during registration. For any issues in utilizing our services you may contact our helpdeskIts the customers responsibility to provide a valid and correct email ID as the product will be delivered to it. The customer needs to confirm that our emails do not end up in JUNK folder of your email.A copy of the product will be stored in your account with PremiumInstant.com just login into your account to view it.If you do not receive any product details from us with in 48 hrs then please contact us</p>\r\n\r\n<p><strong>&nbsp;&nbsp;&nbsp;&nbsp;&nbsp;&nbsp;&nbsp;&nbsp;Paypal Payment Method:</strong>&nbsp;If any disputes has been opened in Paypal will cause only a permanently ban for the user and, of course, shut down of all the keys and the products that are purchased from PremiumInstant.com . The ban is permanently which prevents the user from buying any products in the future.&nbsp;<strong>We will contact Admin of Filehost to disable your account !</strong></p>\r\n\r\n<p><br />\r\n<strong>&nbsp;&nbsp;&nbsp;&nbsp;&nbsp;&nbsp;&nbsp;&nbsp;Manually Payment Methods:</strong>&nbsp;User have to&nbsp; fulfill the &ldquo;Order Notes&rdquo; field with the chosen Payment method information. Example: Payza Email, Webmoney purse number, Moneybookers Email, Vodafone number etc&hellip;</p>\r\n\r\n<p>&nbsp;</p>\r\n\r\n<h3><strong>CREDIT CARD SECURITY</strong></h3>\r\n\r\n<p>&nbsp;&nbsp;&nbsp;&nbsp;&nbsp;&nbsp;&nbsp; We do not keep records of credit card details credit cards are processed by a third party secured payment gateway.</p>\r\n\r\n<p>&nbsp;&nbsp;&nbsp;&nbsp;&nbsp;&nbsp;&nbsp; Your Credit card details will be handled securely to ensure confidentiality and that 256 bit SSL encryption is employed to ensure sensitive data is protected during transmission over the internet</p>\r\n\r\n<p>&nbsp;&nbsp;&nbsp;&nbsp;&nbsp;&nbsp;&nbsp;&nbsp;We can ask identity proof to verify the rightful owner of the credit card like Scanned copy (or photograph by a digital camera) of Driving License, Identification card, Last hardcopy of credit card statement, Passport etc. If asked for kindly provide one of the above as it is for the security of the card holder. (This is only one time process, the customer will not require to go through the identification process for the next transfers)</p>\r\n\r\n<p>&nbsp;</p>\r\n\r\n<h3><strong>CONNECTION SECURITY</strong></h3>\r\n\r\n<p><strong>&nbsp;&nbsp;&nbsp;&nbsp;&nbsp;&nbsp;&nbsp;&nbsp;&nbsp;&nbsp;&nbsp;&nbsp;&nbsp;&nbsp;&nbsp;&nbsp;&nbsp; &nbsp;YOUR CONNECTION TO THIS SITE IS ENCRYPTED AND SECURED BY 256BIT SSL FROM&nbsp;COMODO CA LIMITED</strong></p>\r\n\r\n<p>&nbsp;</p>\r\n\r\n<h3><strong>REFUND &amp; CANCELLATION POLICY</strong></h3>\r\n\r\n<p>&nbsp;&nbsp;&nbsp; We offer 100% guarantee. However, our products are subject to Terms and Conditions and we will offer a refund only if the service did not work.</p>\r\n\r\n<p>&nbsp;&nbsp;&nbsp;&nbsp;&nbsp;&nbsp; Our overall objective is safety and execution of obligations to clients. On the other hand we try to protect ourselves from casual the incidents connected with a piracy and swindle concerning the software.</p>\r\n\r\n<p>&nbsp;&nbsp;&nbsp;&nbsp;&nbsp;&nbsp; As we sell non-tangible irrevocable goods we do not issue refunds once the order is accomplished and the product is delivered. As a customer you are responsible for understanding this upon purchasing any item at our site.</p>\r\n\r\n<p>&nbsp;&nbsp;&nbsp;&nbsp;&nbsp;&nbsp;&nbsp; If the error occur we will try our best to solve the problem in 72 hours after this time if the problem can&#39;t be solved we will make the refund but the money will be deducted the payment fee It is dependent on the payment gateway fee, usually it is range from 1% to 3% product value.</p>\r\n\r\n<p>&nbsp;&nbsp;&nbsp;&nbsp;&nbsp;&nbsp;&nbsp; We do not take responsibility and no warranty if your account is banned, blocked because of broken the rules of File-hosting company.</p>\r\n\r\n<p>&nbsp;</p>\r\n\r\n<ul>\r\n	<li><strong>When refunding is possible:</strong></li>\r\n</ul>\r\n\r\n<p>&nbsp;&nbsp; - The duplicated orders. If system on what or, to the reasons has sold to you two identical premium keys instead of two different.&nbsp;</p>\r\n\r\n<p>&nbsp;&nbsp; - If sold system of the premium key has appeared not efficient.</p>\r\n\r\n<p>&nbsp;&nbsp; - Received a wrong voucher code, e.g. a wrong retention or wrong service. Of course we can give you another premium key code also</p>\r\n\r\n<p>&nbsp;&nbsp; - After you successfully complete payment, on any to the reasons could not give out or send you on indicating you an e-mail premium a premium key in a current of 7 days.</p>\r\n\r\n<ul>\r\n	<li><strong>When refunding is not possible:</strong></li>\r\n</ul>\r\n\r\n<p>&nbsp;&nbsp; - Ordered premium keys or accounts but do not need it anymore</p>\r\n\r\n<p>&nbsp;&nbsp; - Simultaneous purchase of several different premium keys. The scenario at which the user gets some keys, applies them, what most approaches its needs chooses, and, then tries to receive the refund for all other goods which do not approach it, is regarded as dishonest. The given actions harm to our business so we not begin to return the paid money or to resolve pretentious payments</p>\r\n\r\n<p>&nbsp;&nbsp; - We can not offer a refund if after the purchase, the user feels that the download is slow, the link is dead, or do not get the desired files to download ...</p>\r\n\r\n<p>&nbsp;&nbsp; - A refund will not be accepted if the company File-hosting is no longer active due to some technical issues, or closed according to law or other issues, or you cannot access the website.</p>\r\n\r\n<p>&nbsp;</p>\r\n\r\n<p>REFUND REQUESTS should be submitted to PremiumInstant by email at&nbsp;<a href=\"mailto:premiumkey.com@gmail.com\">premiumkey.com@gmail.com</a></p>\r\n\r\n<p>&nbsp;</p>\r\n\r\n<h3><strong>CHARGES</strong></h3>\r\n\r\n<p>&nbsp;&nbsp;&nbsp;&nbsp;&nbsp;&nbsp;&nbsp; PremiumInstant.com does not charge any fees (&nbsp;Except&nbsp;Paypal payment method ) for sending product (Premium key / Premium account / Voucher / Code) and all prices listed are final and include all taxes.</p>\r\n\r\n<p>&nbsp;</p>\r\n\r\n<h3><strong><strong>EXPIRATION DATE OF PREMIUM KEY / PREMIUM ACCOUNT</strong></strong></h3>\r\n\r\n<p>&nbsp;&nbsp;&nbsp;&nbsp;&nbsp;&nbsp;&nbsp;&nbsp;Premium key / Premium account will generally have an expiration date, which is established by the File-hosting&#39;s administrator. Please consult with the&nbsp;File-hosting&#39;s administrator for additional details.</p>\r\n\r\n<p>&nbsp;</p>\r\n\r\n<h3><strong><strong>LIMITATION OF LIABILITY</strong></strong></h3>\r\n\r\n<p>&nbsp;&nbsp;&nbsp;&nbsp;&nbsp;&nbsp;&nbsp; We are not liable for acts or omissions of another service provider, for information provided through your email address, equipment failure or modification, or causes beyond our reasonable control. We are not liable for any accidents or incidents, which result from the use of Service by you or any other person. Our liability and the liability of any underlying carrier for any failure or mistake shall in no event exceed our charges during the affected period. We and any underlying carrier are not liable for any incidental, punitive or consequential damages such as lost profits. We and any underlying carrier are not liable for economic loss or injury to persons or property arising from the use of service. Additionally, in no event will the Company, Company Affiliates, Content Providers and their respective shareholders be liable for any direct, indirect, special, punitive, incidental, exemplary or consequential damages of any kind (including, but not limited to, economic loss, loss of information or data, interruption, delay or loss of access to or use of the Internet, and the like), arising in any way or any manner from errors or omissions in the content or defects in the services provided by PremiumInstant.com hereunder or your access to and use of the Service. THE LIMITATIONS CONTAINED IN THE SITE SHALL APPLY REGARDLESS OF THE FORM OF ACTION, WHETHER IN CONTRACT, TORT OR STRICT LIABILITY, AND REGARDLESS OF THE NATURE OR NUMBER OF CLAIMS OR ACTIONS. This paragraph shall survive termination of this Agreement.</p>\r\n\r\n<p>&nbsp;</p>\r\n\r\n<h3><strong><strong><strong>INDEMNIFICATION</strong></strong></strong></h3>\r\n\r\n<p>&nbsp;&nbsp;&nbsp;&nbsp;&nbsp;&nbsp;&nbsp; You agree to defend, indemnify, and hold us, our affiliates and representatives and any other service provider, harmless from claims or damages relating to this Agreement or your premises or statements made in it and use the Service. This paragraph shall survive termination of this Agreement.</p>\r\n\r\n<p>&nbsp;</p>\r\n\r\n<h3><strong><strong><strong><strong>NO WARRANTIES</strong></strong></strong></strong></h3>\r\n\r\n<p>&nbsp;&nbsp;&nbsp;&nbsp;&nbsp;&nbsp;&nbsp; WE DO NOT MAKE ANY EXPRESS OR IMPLIED WARRANTIES, REPRESENTATIONS OR ENDORSEMENTS WHATSOEVER (INCLUDING WITHOUT LIMITATION WARRANTIES OF TITLE OR NON-INFRINGEMENT, OR THE IMPLIED WARRANTIES OF MERCHANTABILITY OR FITNESS FOR A PARTICULAR PURPOSE) WITH REGARD TO THE SITE, ANY MERCHANDISE, INFORMATION OR SERVICE PROVIDED THROUGH THE SITE OR ON THE INTERNET GENERALLY, AND WE SHALL NOT BE LIABLE FOR ANY COST OR DAMAGE ARISING EITHER DIRECTLY OR INDIRECTLY FROM ANY SUCH TRANSACTION. IT IS YOUR RESPONSIBILITY TO EVALUATE THE ACCURACY, COMPLETENESS AND USEFULNESS OF ALL OPINIONS, ADVICE, SERVICES, MERCHANDISE AND OTHER INFORMATION PROVIDED THROUGH THE SITE OR ON THE INTERNET GENERALLY. WE DO NOT WARRANT THAT THE SERVICE WILL BE UNINTERRUPTED OR ERROR-FREE OR THAT DEFECTS IN THE SITE WILL BE CORRECTED. THE SITE AND ANY INFORMATION MADE AVAILABLE ON THE SITE ARE PROVIDED ON AN &ldquo;AS IS, AS AVAILABLE&rdquo; BASIS. IN NO EVENT WILL PremiumInstant.com BE LIABLE FOR (1) ANY INCIDENTAL, CONSEQUENTIAL, OR INDIRECT DAMAGES (INCLUDING, BUT NOT LIMITED TO, DAMAGES FOR LOSS OF PROFITS, BUSINESS INTERRUPTION, LOSS OF PROGRAMS OR INFORMATION, AND THE LIKE) ARISING OUT OF THE USE OF OR INABILITY TO USE THE SITE. WE DO NOT AUTHORIZE ANYONE TO MAKE ANY WARRANTY ON OUR BEHALF AND YOU SHOULD NOT RELY ON ANY SUCH STATEMENT. THIS PARAGRAPH SHALL SURVIVE TERMINATION OF THIS AGREEMENT.</p>\r\n\r\n<p>&nbsp;</p>\r\n\r\n<p>&nbsp;</p>\r\n\r\n<h3><strong>DISTRIBUTION OF INFORMATION</strong></h3>\r\n\r\n<p>&nbsp;&nbsp;&nbsp;&nbsp;&nbsp;&nbsp;&nbsp; We may share information with governmental agencies or other companies assisting us in fraud prevention or investigation. We may do so when: (1) permitted or required by law; or, (2) trying to protect against or prevent actual or potential fraud or unauthorized transactions; or, (3) investigating fraud which has already taken place. The information is not provided to these companies for marketing purposes.</p>\r\n\r\n<p>&nbsp;</p>\r\n\r\n<h3><strong>CUSTOMER SERVICE</strong></h3>\r\n\r\n<p>&nbsp;&nbsp;&nbsp;&nbsp;&nbsp;&nbsp;&nbsp; All complaints or remarks on errors on our part should be reported by using the email address provided during registration.</p>\r\n\r\n<p>&nbsp;&nbsp;&nbsp;&nbsp;&nbsp; As per File-hosting companies policy we are appoint only to resell premium accounts, any technical issue or any other issue related with the product has to be addressed by File-hosting companies customer care, we can only extend help in payment related issues which a customer makes to us.</p>\r\n\r\n<p>&nbsp;</p>\r\n\r\n<p><strong>Do not hesitate to contact us for any questions.</strong><br />\r\n<br />\r\n<strong>Thank you &amp; Best regards,</strong><br />\r\n<br />\r\n<strong>Service clients PremiumInstant.</strong></p>\r\n','terms_condition','BuyPremiumKey Terms & Condition','BuyPremiumKey Terms & Condition','BuyPremiumKey Terms & Condition',NULL,NULL),(6,'About Us','about-us','<h1>ABOUT PREMIUMINSTANT.COM STORE - THE BEST AUTHORIZED RESELLER</h1>\r\n\r\n<p><a href=\"https://premiuminstant.com/\"><img alt=\"PremiumInstant - Official Reseller\" src=\"https://premiuminstant.com/media/wysiwyg/premiuminstant.png\" style=\"height:130px; width:250px\" /></a></p>\r\n\r\n<p><small><strong>PremiumInstant.Com is the the best official reseller file-hosting in the world.</strong></small></p>\r\n\r\n<p>PremiumInstant.com is a reseller of Premium access to file-sharing services. We don&rsquo;t sell content (files), but only sell services - Premium accounts for high speed access or other such premium benefits. It is strictly forbidden to download or upload any copyrighted content (movie , software, music , picture, ...) without prior approval of the copyright content owner.</p>\r\n\r\n<p><strong>PremiumInstant.com is owned by Premium Company Limited</strong></p>\r\n\r\n<p><strong>PremiumInstant is the best &amp; most powerful of the Official Resellers: Cheapest Prices - Fastest Delivery - Easy payment methods - No Recurring Payment - Highest Secure.</strong></p>\r\n\r\n<p>&nbsp;-&nbsp;<strong>Cheapest Prices</strong>: We selling premium file-sharing plans with&nbsp;cheapest prices,&nbsp;no any fees&nbsp;(except paypal payment method). Almost of other resellers will charge 3-15% service fees.</p>\r\n\r\n<p>&nbsp;-&nbsp;<strong>Fastest Delivery</strong>: The processing lead-time of your order depends on the means of payment you have chosen. Usually it does not exceed 5 minutes for on-line payments during opening time, maximum 2 hours ( *&nbsp;Note: Our working time:&nbsp;8h00 - 23h00 GMT+7&nbsp;)</p>\r\n\r\n<p>&nbsp;-&nbsp;<strong>Easy payment methods</strong>: We support more worldwide payment methods:&nbsp;Paypal,&nbsp;Visa/MasterCard/JCB</p>\r\n\r\n<p>&nbsp;-&nbsp;<strong>Non-Recurring payment</strong>: We DO NOT recurring the payments of our customers</p>\r\n\r\n<p>&nbsp;-&nbsp;<strong>High Secure Security</strong>: We do not keep records of the card details. Credit/Debitcard are processed by a&nbsp;third&nbsp;party secured payment gateway. (&nbsp;<a href=\"https://cybersource.com/\" target=\"_blank\"><strong>Cybersource.com</strong></a>&nbsp;)</p>\r\n\r\n<p><strong>SERVICE AVAILABILITY</strong></p>\r\n\r\n<p>PremiumInstant.com strives to provide 24/7 service, it may however happen that due to break in connections or service maintenance, service to certain File-hosting are temporarily unavailable.</p>\r\n\r\n<p><strong>YOUR CONNECTION TO THIS SITE IS ENCRYPTED AND SECURED BY 256BIT SSL FROM COMODO CA LIMITED</strong></p>\r\n\r\n<p><a href=\"https://premiuminstant.com/\"><img alt=\"PremiumInstant - Official Reseller\" src=\"https://premiuminstant.com/media/wysiwyg/premiumz.png\" style=\"height:52px; width:350px\" /></a></p>\r\n\r\n<p>PremiumInstant.com is the<strong>&nbsp;Real Company</strong>&nbsp;using&nbsp;<strong>EV SSL&nbsp;certificates with GREEN&nbsp;BAR on Browser&nbsp;</strong>so all your information will be safe!</p>\r\n\r\n<p>To all of you, from all of us at PremiumInstant Store - Thank you and Happy eCommerce!</p>\r\n\r\n<p><strong>Tuan Nguyen</strong><br />\r\n<small>Administration</small></p>\r\n','delivery_information','BuyPremiumKey About Us','BuyPremiumKey About Us','BuyPremiumKey About Us',NULL,NULL);

/*Table structure for table `payments_type` */

DROP TABLE IF EXISTS `payments_type`;

CREATE TABLE `payments_type` (
  `id` int(11) NOT NULL AUTO_INCREMENT,
  `title` varchar(100) DEFAULT NULL,
  `description` text,
  `image` varchar(100) DEFAULT NULL,
  `fees` decimal(5,2) DEFAULT '0.00',
  `plus` decimal(5,2) DEFAULT '0.00',
  `status_disable` int(11) DEFAULT '0',
  `status_selected` int(11) DEFAULT '0',
  `position` int(11) DEFAULT NULL,
  PRIMARY KEY (`id`)
) ENGINE=InnoDB AUTO_INCREMENT=8 DEFAULT CHARSET=utf8;

/*Data for the table `payments_type` */

insert  into `payments_type`(`id`,`title`,`description`,`image`,`fees`,`plus`,`status_disable`,`status_selected`,`position`) values (3,'Paypal','<p>Paypal</p>\r\n','1481820777.png','2.90','0.30',0,1,1),(4,'Perfect Money','<p>Perfect Money</p>\r\n','1481820897.png','3.98','0.00',0,0,2),(5,'Okpay.com','<p>Okpay.com</p>\r\n','1481820912.png','0.00','0.00',1,0,3),(6,'Bank Transfer Payment','<p>Bank Transfer Payment</p>\r\n','1481820928.png','0.00','0.00',0,0,4),(7,'Visa/MasterCard / JCB','<p>Visa/MasterCard / JCB</p>\r\n','1481820942.png','0.00','0.00',0,0,5);

/*Table structure for table `roles` */

DROP TABLE IF EXISTS `roles`;

CREATE TABLE `roles` (
  `id` int(11) NOT NULL AUTO_INCREMENT,
  `title` varchar(100) DEFAULT NULL,
  `alias` varchar(100) DEFAULT NULL,
  PRIMARY KEY (`id`)
) ENGINE=InnoDB AUTO_INCREMENT=3 DEFAULT CHARSET=utf8;

/*Data for the table `roles` */

insert  into `roles`(`id`,`title`,`alias`) values (1,'Admin','admin'),(2,'Member','member');

/*Table structure for table `terms_conditions` */

DROP TABLE IF EXISTS `terms_conditions`;

CREATE TABLE `terms_conditions` (
  `id` int(11) NOT NULL AUTO_INCREMENT,
  `description` text CHARACTER SET utf8 COLLATE utf8_unicode_ci NOT NULL,
  PRIMARY KEY (`id`)
) ENGINE=InnoDB AUTO_INCREMENT=2 DEFAULT CHARSET=utf8;

/*Data for the table `terms_conditions` */

insert  into `terms_conditions`(`id`,`description`) values (1,'<p>YOUR AGREEMENT TO THESE TERMS AND CONDITIONS OF SERVICE Welcome to our website. If you continue to browse or purchasing and use this website you are agreeing to comply with and be bound by the following terms and conditions of use, which together with our privacy policy govern PremiumInstant.Com relationship with you in relation to this website. ABOUT PremiumInstant.Com PremiumInstant.Com is a reseller of Premium access to file-sharing services. We don&rsquo;t sell content (files), but only sell services - Premium accounts for high speed access or other such premium benefits. It is strictly forbidden to download or upload any copyrighted content (movie , software, music , picture, ...) without prior approval of the copyright content owner. It&#39;s illegal to download or upload child pornography. It is strictly forbidden to download or upload any pornographic, erotic content on any storage solution that we represent. &#39;You&#39; agree that you will not misuse any of the file hosting / cloud storage / storage solutions that we resell via premium vouchers, keys, login id &amp; password&#39;s or direct upgrade in downloading, uploading or storing any type of copyrighted or porn content, if found you are sole responsible for the legal and financial consequences arising from it. SERVICE AVAILABILITY PremiumInstant.Com strives to provide 24/7 service, it may however happen that due to break in connections or service maintenance, service to certain File-hosting are temporarily unavailable. USE OF SERVICE Subject to these conditions, you may use the Service to purchase a product ( Premium key / Premium account / Voucher / Code ) as follows: (i) Use and follow the step-by-step transaction process to initiate a product. (ii) After you confirm the order by making the payment and the transaction is successfully processed, the Recipient will be informed that transaction is successfully. (iii) You will receive product via email. DELIVERY Activation / Premium key sent via your email. The processing lead-time of your order depends on the means of payment you have chosen. Usually it does not exceed 30 minutes for on-line payments during opening time, maximum 12 hours ( * Note: Our working time: 8h00 - 23h00 GMT+7 ) Delivery of our services will be confirmed on your mail ID as specified during registration. For any issues in utilizing our services you may contact our helpdeskIts the customers responsibility to provide a valid and correct email ID as the product will be delivered to it. The customer needs to confirm that our emails do not end up in JUNK folder of your email. A copy of the product will be stored in your account with PremiumInstant.Com just login into your account to view it. If you do not receive any product details from us with in 48 hrs then please contact us Paypal Payment Method: If any disputes has been opened in Paypal will cause only a permanently ban for the user and, of course, shut down of all the keys and the products that are purchased from PremiumInstant.Com. The ban is permanently which prevents the user from buying any products in the future. We will contact Admin of Filehost to disable your account ! Manually Payment Methods: User have to fulfill the &ldquo;Order Notes&rdquo; field with the chosen Payment method information. Example: Payza Email, Webmoney purse number, Moneybookers Email, Vodafone number etc&hellip; CREDIT CARD SECURITY We do not keep records of credit card details credit cards are processed by a third party secured payment gateway. Your Credit card details will be handled securely to ensure confidentiality and that 128 bit SSL encryption is employed to ensure sensitive data is protected during transmission over the internet We can ask identity proof to verify the rightful owner of the credit card like Scanned copy (or photograph by a digital camera) of Driving License, Identification card, Last hardcopy of credit card statement, Passport etc. If asked for kindly provide one of the above as it is for the security of the card holder. (This is only one time process, the customer will not require to go through the identification process for the next transfers) CONNECTION SECURITY YOUR CONNECTION TO THIS SITE IS ENCRYPTED AND SECURED BY 256BIT SSL FROM GEOTRUST REFUND &amp; CANCELLATION POLICY We offer 100% guarantee. However, our products are subject to Terms and Conditions and we will offer a refund only if the service did not work. Our overall objective is safety and execution of obligations to clients. On the other hand we try to protect ourselves from casual the incidents connected with a piracy and swindle concerning the software. As we sell non-tangible irrevocable goods we do not issue refunds once the order is accomplished and the product is delivered. As a customer you are responsible for understanding this upon purchasing any item at our site. If the error occur we will try our best to solve the problem in 72 hours after this time if the problem can&#39;t be solved we will make the refund but the money will be deducted the payment fee It is dependent on the payment gateway fee, usually it is range from 1% to 3% product value. We do not take responsibility and no warranty if your account is banned, blocked because of broken the rules of File-hosting company. When refunding is possible: - The duplicated orders. If system on what or, to the reasons has sold to you two identical premium keys instead of two different. - If sold system of the premium key has appeared not efficient. - Received a wrong voucher code, e.g. a wrong retention or wrong service. Of course we can give you another premium key code also - After you successfully complete payment, on any to the reasons could not give out or send you on indicating you an e-mail premium a premium key in a current of 7 days. When refunding is not possible: - Ordered premium keys or accounts but do not need it anymore - Simultaneous purchase of several different premium keys. The scenario at which the user gets some keys, applies them, what most approaches its needs chooses, and, then tries to receive the refund for all other goods which do not approach it, is regarded as dishonest. The given actions harm to our business so we not begin to return the paid money or to resolve pretentious payments - We can not offer a refund if after the purchase, the user feels that the download is slow, the link is dead, or do not get the desired files to download ... - A refund will not be accepted if the company File-hosting is no longer active due to some technical issues, or closed according to law or other issues, or you cannot access the website. REFUND REQUESTS should be submitted to PremiumInstant.Com by email at support@premiuminstant.com CHARGES PremiumInstant.Com does not charge any fees ( Except Paypal payment method ) for sending product (Premium key / Premium account / Voucher / Code) and all prices listed are final and include all taxes. EXPIRATION DATE OF PREMIUM KEY / PREMIUM ACCOUNT Premium key / Premium account will generally have an expiration date, which is established by the File-hosting&#39;s administrator. Please consult with the File-hosting&#39;s administrator for additional details. LIMITATION OF LIABILITY We are not liable for acts or omissions of another service provider, for information provided through your email address, equipment failure or modification, or causes beyond our reasonable control. We are not liable for any accidents or incidents, which result from the use of Service by you or any other person. Our liability and the liability of any underlying carrier for any failure or mistake shall in no event exceed our charges during the affected period. We and any underlying carrier are not liable for any incidental, punitive or consequential damages such as lost profits. We and any underlying carrier are not liable for economic loss or injury to persons or property arising from the use of service. Additionally, in no event will the Company, Company Affiliates, Content Providers and their respective shareholders be liable for any direct, indirect, special, punitive, incidental, exemplary or consequential damages of any kind (including, but not limited to, economic loss, loss of information or data, interruption, delay or loss of access to or use of the Internet, and the like), arising in any way or any manner from errors or omissions in the content or defects in the services provided by PremiumInstant.Com hereunder or your access to and use of the Service. THE LIMITATIONS CONTAINED IN THE SITE SHALL APPLY REGARDLESS OF THE FORM OF ACTION, WHETHER IN CONTRACT, TORT OR STRICT LIABILITY, AND REGARDLESS OF THE NATURE OR NUMBER OF CLAIMS OR ACTIONS. This paragraph shall survive termination of this Agreement. INDEMNIFICATION You agree to defend, indemnify, and hold us, our affiliates and representatives and any other service provider, harmless from claims or damages relating to this Agreement or your premises or statements made in it and use the Service. This paragraph shall survive termination of this Agreement. NO WARRANTIES WE DO NOT MAKE ANY EXPRESS OR IMPLIED WARRANTIES, REPRESENTATIONS OR ENDORSEMENTS WHATSOEVER (INCLUDING WITHOUT LIMITATION WARRANTIES OF TITLE OR NON-INFRINGEMENT, OR THE IMPLIED WARRANTIES OF MERCHANTABILITY OR FITNESS FOR A PARTICULAR PURPOSE) WITH REGARD TO THE SITE, ANY MERCHANDISE, INFORMATION OR SERVICE PROVIDED THROUGH THE SITE OR ON THE INTERNET GENERALLY, AND WE SHALL NOT BE LIABLE FOR ANY COST OR DAMAGE ARISING EITHER DIRECTLY OR INDIRECTLY FROM ANY SUCH TRANSACTION. IT IS YOUR RESPONSIBILITY TO EVALUATE THE ACCURACY, COMPLETENESS AND USEFULNESS OF ALL OPINIONS, ADVICE, SERVICES, MERCHANDISE AND OTHER INFORMATION PROVIDED THROUGH THE SITE OR ON THE INTERNET GENERALLY. WE DO NOT WARRANT THAT THE SERVICE WILL BE UNINTERRUPTED OR ERROR-FREE OR THAT DEFECTS IN THE SITE WILL BE CORRECTED. THE SITE AND ANY INFORMATION MADE AVAILABLE ON THE SITE ARE PROVIDED ON AN &ldquo;AS IS, AS AVAILABLE&rdquo; BASIS. IN NO EVENT WILL PremiumInstant.Com BE LIABLE FOR (1) ANY INCIDENTAL, CONSEQUENTIAL, OR INDIRECT DAMAGES (INCLUDING, BUT NOT LIMITED TO, DAMAGES FOR LOSS OF PROFITS, BUSINESS INTERRUPTION, LOSS OF PROGRAMS OR INFORMATION, AND THE LIKE) ARISING OUT OF THE USE OF OR INABILITY TO USE THE SITE. WE DO NOT AUTHORIZE ANYONE TO MAKE ANY WARRANTY ON OUR BEHALF AND YOU SHOULD NOT RELY ON ANY SUCH STATEMENT. THIS PARAGRAPH SHALL SURVIVE TERMINATION OF THIS AGREEMENT. DISTRIBUTION OF INFORMATION We may share information with governmental agencies or other companies assisting us in fraud prevention or investigation. We may do so when: (1) permitted or required by law; or, (2) trying to protect against or prevent actual or potential fraud or unauthorized transactions; or, (3) investigating fraud which has already taken place. The information is not provided to these companies for marketing purposes. CUSTOMER SERVICE All complaints or remarks on errors on our part should be reported by using the email address provided during registration. As per File-hosting companies policy we are appoint only to resell premium accounts, any technical issue or any other issue related with the product has to be addressed by File-hosting companies customer care, we can only extend help in payment related issues which a customer makes to us. Do not hesitate to contact us for any questions. Thank you &amp; Best regards, Service clients BuyPremiumKey.Com. $$$$</p>\r\n');

/*Table structure for table `user_orders` */

DROP TABLE IF EXISTS `user_orders`;

CREATE TABLE `user_orders` (
  `id` int(11) NOT NULL AUTO_INCREMENT,
  `users_id` int(11) NOT NULL DEFAULT '0',
  `users_roles_id` int(11) NOT NULL DEFAULT '0',
  `first_name` varchar(150) DEFAULT NULL,
  `last_name` varchar(150) DEFAULT NULL,
  `email` varchar(100) DEFAULT NULL,
  `telephone` varchar(20) DEFAULT NULL,
  `address` varchar(300) DEFAULT NULL,
  `city` varchar(100) DEFAULT NULL,
  `zip_code` varchar(45) DEFAULT NULL,
  `country` varchar(45) DEFAULT NULL,
  `state_province` varchar(100) DEFAULT NULL,
  `sub_total` decimal(10,2) DEFAULT NULL,
  `payments_type_id` int(11) NOT NULL,
  `payment_charges` decimal(10,2) DEFAULT NULL,
  `total_price` decimal(10,2) DEFAULT NULL,
  `quantity_product` int(11) DEFAULT '0',
  `guest_status` int(11) DEFAULT '0' COMMENT '0: Người dùng đã đăng kí\n1: Người dùng vãng lai',
  `comment` varchar(500) DEFAULT NULL COMMENT 'comment của người dùng khi comfirm order',
  `payment_date` datetime DEFAULT NULL COMMENT 'ngày thanh toán',
  `payment_status` enum('pending','paid') DEFAULT 'pending' COMMENT '0: Chưa thanh toán\n 1: Đã thanh toán',
  `mail_status` int(11) DEFAULT '0' COMMENT '0: Chưa gửi request yêu cầu thanh toán cho hóa đơn\n1: Đã gửi',
  `created_at` datetime DEFAULT NULL COMMENT 'ngày tạo',
  `updated_at` datetime DEFAULT NULL,
  PRIMARY KEY (`id`,`users_id`,`users_roles_id`,`payments_type_id`),
  KEY `fk_user_orders_users1_idx` (`users_id`,`users_roles_id`),
  KEY `fk_user_orders_payments_type1_idx` (`payments_type_id`),
  CONSTRAINT `fk_user_orders_payments_type1` FOREIGN KEY (`payments_type_id`) REFERENCES `payments_type` (`id`) ON DELETE NO ACTION ON UPDATE NO ACTION,
  CONSTRAINT `fk_user_orders_users1` FOREIGN KEY (`users_id`, `users_roles_id`) REFERENCES `users` (`id`, `roles_id`) ON DELETE NO ACTION ON UPDATE NO ACTION
) ENGINE=InnoDB AUTO_INCREMENT=19 DEFAULT CHARSET=utf8;

/*Data for the table `user_orders` */

insert  into `user_orders`(`id`,`users_id`,`users_roles_id`,`first_name`,`last_name`,`email`,`telephone`,`address`,`city`,`zip_code`,`country`,`state_province`,`sub_total`,`payments_type_id`,`payment_charges`,`total_price`,`quantity_product`,`guest_status`,`comment`,`payment_date`,`payment_status`,`mail_status`,`created_at`,`updated_at`) values (4,1,2,'Kenshin','Tien Minh','test@gmail.com','01689935018','Ha Noi Viet Nam','Ha Noi','100000','VN','63','25.75',3,'1.05','26.80',1,0,NULL,NULL,'paid',0,'2017-04-30 10:16:46','2017-06-03 12:29:07'),(5,1,2,'Kenshin','Tien Minh','test@gmail.com','01689935018','Ha Noi Viet Nam','Ha Noi','100000','VN','63','25.75',3,'1.05','26.80',1,0,NULL,NULL,'pending',0,'2017-04-30 10:16:46','2017-04-30 10:16:46'),(6,1,2,'Kenshin','Tien Minh','rapelover@gmail.com','01689935018','Ha Noi Viet Nam','Ha Noi','100000','VN','63','13.00',3,'0.68','13.68',1,0,NULL,NULL,'paid',0,'2017-05-16 16:24:40','2017-06-03 09:30:02'),(7,1,2,'Kenshin','Tien Minh','minhtienuet@gmail.com','01689935018','Ha Noi Viet Nam','Ha Noi','100000','VN','63','25.75',3,'1.05','26.80',2,0,NULL,NULL,'pending',0,'2017-05-22 04:46:31','2017-05-22 04:46:31'),(8,1,2,'Kenshin','Tien Minh','minhtienuet@gmail.com','01689935018','Ha Noi Viet Nam','Ha Noi','100000','VN','63','20.34',4,'0.89','21.23',1,0,NULL,NULL,'paid',0,'2017-05-22 08:28:55','2017-06-03 09:17:43'),(9,4,2,'Minh','Tuan','minhtuan.humg@gmail.com','21243243','Hà Nội','Hà Noi','100000','VN','13','20.34',3,'0.89','21.23',1,0,NULL,NULL,'pending',0,'2017-06-02 13:13:08','2017-06-02 13:13:08'),(10,5,2,'RRR','RRR','rapelover.com@gmail.com',NULL,'Ha Noi Viet Nam, Ha Noi Viet Nam','Ha Noi','100000','VN','13','29.50',3,'1.16','30.66',1,0,NULL,NULL,'pending',0,'2017-06-02 13:24:09','2017-06-02 13:24:09'),(11,1,2,'Kenshin','Tien Minh','test@gmail.com','01689935018','Ha Noi Viet Nam','Ha Noi','100000','VN','63','52.95',4,'1.84','54.79',2,0,NULL,NULL,'paid',0,'2017-06-02 13:37:15','2017-06-03 09:35:11'),(17,1,2,'Tien','Minh','minhtienuet@gmail.com','1689935018','Ha Noi Viet Nam, Ha Noi Viet Nam','Ha Noi','100000','VN','13','72.00',4,'2.39','74.39',2,0,NULL,NULL,'paid',0,'2017-06-02 17:31:54','2017-06-03 09:00:02'),(18,6,2,'Tien','Tong','rapeloving.com@gmail.com','13453251','Ha Noi Viet Nam, Ha Noi Viet Nam','Ha Noi','100000','VN','13','29.50',3,'1.16','30.66',1,0,NULL,NULL,'paid',0,'2017-06-02 17:38:47','2017-06-04 13:17:38');

/*Table structure for table `user_orders_detail` */

DROP TABLE IF EXISTS `user_orders_detail`;

CREATE TABLE `user_orders_detail` (
  `id` int(11) NOT NULL AUTO_INCREMENT,
  `user_orders_id` int(11) NOT NULL,
  `users_id` int(11) NOT NULL,
  `users_roles_id` int(11) NOT NULL,
  `articles_type_id` int(11) NOT NULL,
  `title` varchar(300) DEFAULT NULL,
  `image` varchar(200) DEFAULT NULL,
  `quantity` int(11) DEFAULT NULL,
  `price_order` decimal(10,2) DEFAULT NULL,
  `total_price` decimal(10,2) DEFAULT NULL,
  PRIMARY KEY (`id`,`articles_type_id`,`user_orders_id`,`users_id`,`users_roles_id`),
  KEY `fk_user_orders_detail_user_orders1_idx` (`user_orders_id`,`users_id`,`users_roles_id`),
  KEY `fk_user_orders_articles_type1_idx` (`articles_type_id`),
  CONSTRAINT `fk_user_orders_articles_type1` FOREIGN KEY (`articles_type_id`) REFERENCES `articles_type` (`id`) ON DELETE NO ACTION ON UPDATE NO ACTION,
  CONSTRAINT `fk_user_orders_detail_user_orders1` FOREIGN KEY (`user_orders_id`, `users_id`, `users_roles_id`) REFERENCES `user_orders` (`id`, `users_id`, `users_roles_id`) ON DELETE NO ACTION ON UPDATE NO ACTION
) ENGINE=InnoDB AUTO_INCREMENT=15 DEFAULT CHARSET=utf8;

/*Data for the table `user_orders_detail` */

insert  into `user_orders_detail`(`id`,`user_orders_id`,`users_id`,`users_roles_id`,`articles_type_id`,`title`,`image`,`quantity`,`price_order`,`total_price`) values (1,4,1,2,2,'DepFile Premium 30 Days','http://localhost:8087/images/1479011160.png',1,'12.75','12.75'),(2,4,1,2,12,'BigFile Premium 30 Days','http://localhost:8087/images/1479054175.png',1,'13.00','13.00'),(3,6,1,2,12,'BigFile Premium 30 Days','http://localhost:8087/images/1479054175.png',1,'13.00','13.00'),(4,7,1,2,2,'DepFile Premium 30 Days','http://localhost:8087/images/1479011160.png',1,'12.75','12.75'),(5,7,1,2,12,'BigFile Premium 30 Days','http://localhost:8087/images/1479054175.png',1,'13.00','13.00'),(6,8,1,2,3,'DepFile Premium 60 Days','http://localhost:8087/images/1479011160.png',2,'20.34','40.68'),(7,9,4,2,3,'DepFile Premium 60 Days','http://localhost:8087/images/1479011160.png',1,'20.34','20.34'),(8,10,5,2,13,'BigFile Premium 90 Days','http://localhost:8087/images/1479054175.png',1,'29.50','29.50'),(9,11,1,2,12,'BigFile Premium 30 Days','http://localhost:8087/images/1479054175.png',1,'13.00','13.00'),(10,11,1,2,18,'Fileboom Premium 90 Days','http://localhost:8087/images/1480247179.png',1,'39.95','39.95'),(12,17,1,2,12,'BigFile Premium 30 Days','http://localhost:8087/images/1479054175.png',1,'13.00','13.00'),(13,17,1,2,13,'BigFile Premium 90 Days','http://localhost:8087/images/1479054175.png',2,'29.50','59.00'),(14,18,6,2,13,'BigFile Premium 90 Days','http://localhost:8087/images/1479054175.png',1,'29.50','29.50');

/*Table structure for table `user_profiles` */

DROP TABLE IF EXISTS `user_profiles`;

CREATE TABLE `user_profiles` (
  `id` int(11) NOT NULL AUTO_INCREMENT,
  `users_id` int(11) NOT NULL,
  `users_roles_id` int(11) NOT NULL,
  `image` varchar(100) DEFAULT NULL,
  `company` varchar(150) DEFAULT NULL,
  `telephone` varchar(20) DEFAULT NULL,
  `fax` varchar(20) DEFAULT NULL,
  `street_address_01` varchar(300) DEFAULT NULL,
  `street_address_02` varchar(300) DEFAULT NULL,
  `city` varchar(200) DEFAULT NULL,
  `zip_code` varchar(45) DEFAULT NULL,
  `state_province` varchar(100) DEFAULT NULL,
  `country` varchar(45) DEFAULT NULL,
  `created_at` datetime DEFAULT NULL,
  `updated_at` datetime DEFAULT NULL,
  PRIMARY KEY (`id`,`users_id`,`users_roles_id`),
  KEY `fk_user_profiles_users1_idx` (`users_id`,`users_roles_id`),
  CONSTRAINT `fk_user_profiles_users1` FOREIGN KEY (`users_id`, `users_roles_id`) REFERENCES `users` (`id`, `roles_id`) ON DELETE NO ACTION ON UPDATE NO ACTION
) ENGINE=InnoDB AUTO_INCREMENT=22 DEFAULT CHARSET=utf8;

/*Data for the table `user_profiles` */

insert  into `user_profiles`(`id`,`users_id`,`users_roles_id`,`image`,`company`,`telephone`,`fax`,`street_address_01`,`street_address_02`,`city`,`zip_code`,`state_province`,`country`,`created_at`,`updated_at`) values (17,2,1,NULL,'GLUCK','01689935018','1689935018','Ha Noi Viet Nam','Ha Noi Viet Nam','Ha Noi','100000','15','VN','2017-04-13 17:17:18','2017-04-13 17:17:18'),(18,1,2,NULL,'GLUCK','01689935018','1689935018','Ha Noi Viet Nam','Ha Noi Viet Nam','Ha Noi','100000','63','VN','2017-04-30 03:30:57','2017-04-30 03:30:57'),(19,4,2,NULL,'','21243243','','Hà Nội','Hà Nội','Hà Noi','100000','13','VN','2017-05-07 03:22:11','2017-05-07 03:22:11'),(20,5,2,NULL,NULL,NULL,NULL,'Ha Noi Viet Nam, Ha Noi Viet Nam','Ha Noi Viet Nam, Ha Noi Viet Nam','Ha Noi','100000','13','VN','2017-06-02 13:24:09','2017-06-02 13:24:09'),(21,6,2,NULL,NULL,'13453251',NULL,'Ha Noi Viet Nam, Ha Noi Viet Nam','Ha Noi Viet Nam, Ha Noi Viet Nam','Ha Noi','100000','13','VN','2017-06-02 17:38:47','2017-06-02 17:38:47');

/*Table structure for table `user_review` */

DROP TABLE IF EXISTS `user_review`;

CREATE TABLE `user_review` (
  `id` int(11) NOT NULL AUTO_INCREMENT,
  `articles_type_id` int(11) DEFAULT NULL,
  `user_id` int(11) DEFAULT '0',
  `full_name` varchar(200) COLLATE utf8_unicode_ci DEFAULT NULL,
  `email` varchar(100) COLLATE utf8_unicode_ci DEFAULT NULL,
  `description` varchar(500) COLLATE utf8_unicode_ci DEFAULT NULL,
  `rate` int(11) DEFAULT NULL,
  `created_at` datetime DEFAULT NULL,
  `updated_at` datetime DEFAULT NULL,
  PRIMARY KEY (`id`)
) ENGINE=InnoDB AUTO_INCREMENT=3 DEFAULT CHARSET=utf8 COLLATE=utf8_unicode_ci;

/*Data for the table `user_review` */

insert  into `user_review`(`id`,`articles_type_id`,`user_id`,`full_name`,`email`,`description`,`rate`,`created_at`,`updated_at`) values (1,3,1,'Kenshin Tien Minh','test@gmail.com','Tôi rất thích sản phẩm của bạn',2,'2017-05-18 11:12:39','2017-05-18 11:12:39'),(2,3,1,'Tong Tien','minhtienuet@gmail.com','Tôi đã thanh toán nhưng chưa nhận được  key',5,'2017-05-18 11:17:07','2017-05-18 11:17:07');

/*Table structure for table `user_shipping_address` */

DROP TABLE IF EXISTS `user_shipping_address`;

CREATE TABLE `user_shipping_address` (
  `id` int(11) NOT NULL AUTO_INCREMENT,
  `user_id` int(11) DEFAULT NULL,
  `email` varchar(200) COLLATE utf8_unicode_ci DEFAULT NULL,
  `status` enum('default','add-new') COLLATE utf8_unicode_ci DEFAULT 'add-new',
  `created_at` datetime DEFAULT NULL,
  `updated_at` datetime DEFAULT NULL,
  PRIMARY KEY (`id`)
) ENGINE=InnoDB AUTO_INCREMENT=14 DEFAULT CHARSET=utf8 COLLATE=utf8_unicode_ci;

/*Data for the table `user_shipping_address` */

insert  into `user_shipping_address`(`id`,`user_id`,`email`,`status`,`created_at`,`updated_at`) values (1,4,'minhtuan.humg@gmail.com','default','2017-05-07 02:54:04','2017-05-07 02:54:04'),(2,4,'tongcongtien90@gmail.com','add-new','2017-05-16 22:50:08','2017-05-17 22:50:14'),(8,1,'minhtienuet@gmail.com','add-new','2017-05-21 17:38:21','2017-05-21 17:58:07'),(9,1,'tongcongtien@gmal.com','default','2017-05-21 17:53:13','2017-05-21 17:58:07'),(11,1,'test@gmail.com','add-new','2017-06-01 15:02:19','2017-06-01 15:02:19'),(12,5,'rapelover.com@gmail.com','default','2017-06-02 13:24:09','2017-06-02 13:24:09'),(13,6,'rapeloving.com@gmail.com','default','2017-06-02 17:38:47','2017-06-02 17:38:47');

/*Table structure for table `user_shopping_cart` */

DROP TABLE IF EXISTS `user_shopping_cart`;

CREATE TABLE `user_shopping_cart` (
  `id` int(11) NOT NULL AUTO_INCREMENT,
  `user_id` int(11) DEFAULT NULL,
  `articles_type_id` int(11) DEFAULT NULL,
  `quantity` int(11) DEFAULT NULL,
  `created_at` datetime DEFAULT NULL,
  `updated_at` datetime DEFAULT NULL,
  `status_payment` enum('Checkout','NotCheckout') DEFAULT 'NotCheckout',
  PRIMARY KEY (`id`)
) ENGINE=InnoDB AUTO_INCREMENT=50 DEFAULT CHARSET=utf8;

/*Data for the table `user_shopping_cart` */

insert  into `user_shopping_cart`(`id`,`user_id`,`articles_type_id`,`quantity`,`created_at`,`updated_at`,`status_payment`) values (20,2,13,4,'2017-04-09 04:02:49','2017-04-10 15:46:35','NotCheckout'),(22,2,1,5,'2017-04-19 15:58:05','2017-04-19 16:47:19','NotCheckout'),(23,2,3,2,'2017-04-19 17:11:36','2017-05-15 16:35:09','NotCheckout'),(33,1,2,3,'2017-04-23 11:25:01','2017-06-02 17:31:55','Checkout'),(34,1,12,2,'2017-04-30 03:25:18','2017-06-02 17:31:55','Checkout'),(36,1,12,1,'2017-05-03 10:38:29','2017-06-02 17:31:55','Checkout'),(37,1,2,1,'2017-05-18 11:18:30','2017-06-02 17:31:55','Checkout'),(38,1,12,1,'2017-05-22 02:46:25','2017-06-02 17:31:55','Checkout'),(39,1,3,1,'2017-05-22 07:49:11','2017-06-02 17:31:55','Checkout'),(44,1,3,3,'2017-05-22 09:36:26','2017-06-02 17:31:55','Checkout'),(45,1,2,1,'2017-05-22 09:45:47','2017-06-02 17:31:55','Checkout'),(46,1,12,1,'2017-05-22 09:47:05','2017-06-02 17:31:55','Checkout'),(47,5,12,1,'2017-06-02 13:27:05','2017-06-02 13:27:05','NotCheckout'),(48,1,12,1,'2017-06-02 14:05:52','2017-06-02 17:31:55','Checkout'),(49,1,13,1,'2017-06-02 16:15:52','2017-06-02 17:31:55','Checkout');

/*Table structure for table `user_wish_list` */

DROP TABLE IF EXISTS `user_wish_list`;

CREATE TABLE `user_wish_list` (
  `id` int(11) NOT NULL AUTO_INCREMENT,
  `user_id` int(11) DEFAULT NULL,
  `articles_type_id` int(11) DEFAULT NULL,
  `created_at` datetime DEFAULT NULL,
  `updated_at` datetime DEFAULT NULL,
  PRIMARY KEY (`id`)
) ENGINE=InnoDB AUTO_INCREMENT=7 DEFAULT CHARSET=utf8;

/*Data for the table `user_wish_list` */

insert  into `user_wish_list`(`id`,`user_id`,`articles_type_id`,`created_at`,`updated_at`) values (2,1,3,'2017-04-19 08:14:47','2017-04-19 08:14:47'),(3,1,2,'2017-04-19 08:54:11','2017-04-19 08:54:11'),(4,1,12,'2017-04-20 07:45:59','2017-04-20 07:45:59'),(5,1,13,'2017-04-20 07:55:18','2017-04-20 07:55:18'),(6,1,14,'2017-04-20 07:55:21','2017-04-20 07:55:21');

/*Table structure for table `users` */

DROP TABLE IF EXISTS `users`;

CREATE TABLE `users` (
  `id` int(11) NOT NULL AUTO_INCREMENT,
  `first_name` varchar(255) DEFAULT NULL,
  `last_name` varchar(255) DEFAULT NULL,
  `email` varchar(200) DEFAULT NULL,
  `password` varchar(100) DEFAULT NULL,
  `key_forgotten` varchar(100) DEFAULT NULL COMMENT 'mã được sinh ra khi người dùng yêu cầu lấy lại mật khẩu',
  `roles_id` int(11) NOT NULL,
  `created_at` datetime DEFAULT NULL,
  `updated_at` datetime DEFAULT NULL,
  PRIMARY KEY (`id`,`roles_id`),
  KEY `fk_users_roles_idx` (`roles_id`),
  CONSTRAINT `fk_users_roles` FOREIGN KEY (`roles_id`) REFERENCES `roles` (`id`) ON DELETE NO ACTION ON UPDATE NO ACTION
) ENGINE=InnoDB AUTO_INCREMENT=7 DEFAULT CHARSET=utf8;

/*Data for the table `users` */

insert  into `users`(`id`,`first_name`,`last_name`,`email`,`password`,`key_forgotten`,`roles_id`,`created_at`,`updated_at`) values (1,'Kenshin','Tien Minh','test@gmail.com','$2y$10$m3biEd/T.sIIlRfn7pS34eQtKum8.7iyAXVmpl97qaslngwxhmiLu',NULL,2,'2017-03-11 18:25:51','2017-05-04 17:02:46'),(2,'Kenshin','Tien','kingkenshin69@gmail.com','$2y$10$N1YBwZiDCRnEq7p3gKZf5uy5aSAUgAvYo5rXpLnW3MMYymvxaW3dy','',1,'2017-03-11 18:27:59','2017-05-12 16:08:42'),(3,'Guest','Guest','guest@buykeypremium.com',NULL,NULL,2,'2017-04-23 19:00:34','2017-04-23 19:00:38'),(4,'Minh','Tuan','minhtuan.humg@gmail.com','$2y$10$4WBp4xlZlGXQSD7osBEQVuxlXO4F/y1/Luye3yDTPobIbE4H46E7q',NULL,2,'2017-05-07 02:54:04','2017-05-07 02:54:04'),(5,'RRR','RRR','rapelover.com@gmail.com','$2y$10$jyLPA//P/fzWx5JjN.VlIODAWJrTifuIdVdOuz9WGw2wm.VykxEPu',NULL,2,'2017-06-02 13:24:09','2017-06-02 13:24:09'),(6,'Tien','Tong','rapeloving.com@gmail.com','$2y$10$FYCdrGDfwZa86HhmQ8fGX./RskwaHKam1bqxluty3uYH8a7Ii54Uu',NULL,2,'2017-06-02 17:38:47','2017-06-02 17:38:47');

/*!40101 SET SQL_MODE=@OLD_SQL_MODE */;
/*!40014 SET FOREIGN_KEY_CHECKS=@OLD_FOREIGN_KEY_CHECKS */;
/*!40014 SET UNIQUE_CHECKS=@OLD_UNIQUE_CHECKS */;
/*!40111 SET SQL_NOTES=@OLD_SQL_NOTES */;
